timestamp,run_id,representation_id,preprocessing_variant,method,K,run,seed,min_cluster_size,parameters,sample_rule,silhouette,calinski_harabasz,davies_bouldin,n_iterations,converged,notes
2026-06-05T10:03:01,R0_Euclid_standard_noADR_kmeans_K2_run1_seed1201,R0-Euclid-standard-noADR,standard,kmeans,2,1,1201,,K_grid=2-8;M=10;max_iter=100;base_seed=1000,full_data,0.1313979858188925,15964.349160658443,2.367147539533781,37,True,k-means baseline exploration
2026-06-05T10:03:01,R0_Euclid_standard_noADR_kmeans_K2_run2_seed1202,R0-Euclid-standard-noADR,standard,kmeans,2,2,1202,,K_grid=2-8;M=10;max_iter=100;base_seed=1000,full_data,0.1632166490846507,15995.331761315021,2.2922393440048054,11,True,k-means baseline exploration
2026-06-05T10:03:01,R0_Euclid_standard_noADR_kmeans_K2_run3_seed1203,R0-Euclid-standard-noADR,standard,kmeans,2,3,1203,,K_grid=2-8;M=10;max_iter=100;base_seed=1000,full_data,0.1313979858188925,15964.349160658443,2.367147539533781,41,True,k-means baseline exploration
2026-06-05T10:03:01,R0_Euclid_standard_noADR_kmeans_K2_run4_seed1204,R0-Euclid-standard-noADR,standard,kmeans,2,4,1204,,K_grid=2-8;M=10;max_iter=100;base_seed=1000,full_data,0.13139662477742775,15964.349186224625,2.3671605122291646,36,True,k-means baseline exploration
2026-06-05T10:03:01,R0_Euclid_standard_noADR_kmeans_K2_run5_seed1205,R0-Euclid-standard-noADR,standard,kmeans,2,5,1205,,K_grid=2-8;M=10;max_iter=100;base_seed=1000,full_data,0.1624844219900981,15995.013968516587,2.296840908548927,23,True,k-means baseline exploration
2026-06-05T10:03:01,R0_Euclid_standard_noADR_kmeans_K2_run6_seed1206,R0-Euclid-standard-noADR,standard,kmeans,2,6,1206,,K_grid=2-8;M=10;max_iter=100;base_seed=1000,full_data,0.1633385768618862,15995.323166270891,2.2912087068373106,17,True,k-means baseline exploration
2026-06-05T10:03:01,R0_Euclid_standard_noADR_kmeans_K2_run7_seed1207,R0-Euclid-standard-noADR,standard,kmeans,2,7,1207,,K_grid=2-8;M=10;max_iter=100;base_seed=1000,full_data,0.1313979858188925,15964.349160658443,2.367147539533781,40,True,k-means baseline exploration
2026-06-05T10:03:01,R0_Euclid_standard_noADR_kmeans_K2_run8_seed1208,R0-Euclid-standard-noADR,standard,kmeans,2,8,1208,,K_grid=2-8;M=10;max_iter=100;base_seed=1000,full_data,0.28000902952617057,13200.601249988622,1.5215188646478086,4,True,k-means baseline exploration
2026-06-05T10:03:01,R0_Euclid_standard_noADR_kmeans_K2_run9_seed1209,R0-Euclid-standard-noADR,standard,kmeans,2,9,1209,,K_grid=2-8;M=10;max_iter=100;base_seed=1000,full_data,0.1624844219900981,15995.013968516587,2.296840908548927,19,True,k-means baseline exploration
2026-06-05T10:03:01,R0_Euclid_standard_noADR_kmeans_K2_run10_seed1210,R0-Euclid-standard-noADR,standard,kmeans,2,10,1210,,K_grid=2-8;M=10;max_iter=100;base_seed=1000,full_data,0.13118458415379147,15964.416792398335,2.369124614602863,21,True,k-means baseline exploration
2026-06-05T10:03:01,R0_Euclid_standard_noADR_kmeans_K3_run1_seed1301,R0-Euclid-standard-noADR,standard,kmeans,3,1,1301,,K_grid=2-8;M=10;max_iter=100;base_seed=1000,full_data,0.1652199943222919,15894.17929913939,2.1150285122534895,23,True,k-means baseline exploration
2026-06-05T10:03:01,R0_Euclid_standard_noADR_kmeans_K3_run2_seed1302,R0-Euclid-standard-noADR,standard,kmeans,3,2,1302,,K_grid=2-8;M=10;max_iter=100;base_seed=1000,full_data,0.08248099540703681,12791.180904257508,2.5201956492833704,30,True,k-means baseline exploration
2026-06-05T10:03:01,R0_Euclid_standard_noADR_kmeans_K3_run3_seed1303,R0-Euclid-standard-noADR,standard,kmeans,3,3,1303,,K_grid=2-8;M=10;max_iter=100;base_seed=1000,full_data,0.15519522241879244,15904.422738090481,2.13533557716843,24,True,k-means baseline exploration
2026-06-05T10:03:01,R0_Euclid_standard_noADR_kmeans_K3_run4_seed1304,R0-Euclid-standard-noADR,standard,kmeans,3,4,1304,,K_grid=2-8;M=10;max_iter=100;base_seed=1000,full_data,0.1652199943222919,15894.17929913939,2.1150285122534895,24,True,k-means baseline exploration
2026-06-05T10:03:01,R0_Euclid_standard_noADR_kmeans_K3_run5_seed1305,R0-Euclid-standard-noADR,standard,kmeans,3,5,1305,,K_grid=2-8;M=10;max_iter=100;base_seed=1000,full_data,0.13502401789303828,15235.205138103587,1.8620235122815953,29,True,k-means baseline exploration
2026-06-05T10:03:01,R0_Euclid_standard_noADR_kmeans_K3_run6_seed1306,R0-Euclid-standard-noADR,standard,kmeans,3,6,1306,,K_grid=2-8;M=10;max_iter=100;base_seed=1000,full_data,0.15519522241879244,15904.422738090485,2.13533557716843,24,True,k-means baseline exploration
2026-06-05T10:03:01,R0_Euclid_standard_noADR_kmeans_K3_run7_seed1307,R0-Euclid-standard-noADR,standard,kmeans,3,7,1307,,K_grid=2-8;M=10;max_iter=100;base_seed=1000,full_data,0.15519750482865052,15904.422721496523,2.1353207396245057,29,True,k-means baseline exploration
2026-06-05T10:03:01,R0_Euclid_standard_noADR_kmeans_K3_run8_seed1308,R0-Euclid-standard-noADR,standard,kmeans,3,8,1308,,K_grid=2-8;M=10;max_iter=100;base_seed=1000,full_data,0.15519522241879244,15904.422738090485,2.13533557716843,25,True,k-means baseline exploration
2026-06-05T10:03:01,R0_Euclid_standard_noADR_kmeans_K3_run9_seed1309,R0-Euclid-standard-noADR,standard,kmeans,3,9,1309,,K_grid=2-8;M=10;max_iter=100;base_seed=1000,full_data,0.08248006618631457,12791.180829300296,2.520198729057781,29,True,k-means baseline exploration
2026-06-05T10:03:01,R0_Euclid_standard_noADR_kmeans_K3_run10_seed1310,R0-Euclid-standard-noADR,standard,kmeans,3,10,1310,,K_grid=2-8;M=10;max_iter=100;base_seed=1000,full_data,0.1652199943222919,15894.17929913939,2.1150285122534895,24,True,k-means baseline exploration
2026-06-05T10:03:01,R0_Euclid_standard_noADR_kmeans_K4_run1_seed1401,R0-Euclid-standard-noADR,standard,kmeans,4,1,1401,,K_grid=2-8;M=10;max_iter=100;base_seed=1000,full_data,0.11149748167429153,13680.387753826284,2.301515217485686,23,True,k-means baseline exploration
2026-06-05T10:03:01,R0_Euclid_standard_noADR_kmeans_K4_run2_seed1402,R0-Euclid-standard-noADR,standard,kmeans,4,2,1402,,K_grid=2-8;M=10;max_iter=100;base_seed=1000,full_data,0.15127636462076047,16498.35473606002,1.8157215452463271,64,True,k-means baseline exploration
2026-06-05T10:03:01,R0_Euclid_standard_noADR_kmeans_K4_run3_seed1403,R0-Euclid-standard-noADR,standard,kmeans,4,3,1403,,K_grid=2-8;M=10;max_iter=100;base_seed=1000,full_data,0.17477455332797448,16597.02213661685,1.7883214740514233,17,True,k-means baseline exploration
2026-06-05T10:03:01,R0_Euclid_standard_noADR_kmeans_K4_run4_seed1404,R0-Euclid-standard-noADR,standard,kmeans,4,4,1404,,K_grid=2-8;M=10;max_iter=100;base_seed=1000,full_data,0.16523161480129847,16609.048459712023,1.8130980597116806,29,True,k-means baseline exploration
2026-06-05T10:03:01,R0_Euclid_standard_noADR_kmeans_K4_run5_seed1405,R0-Euclid-standard-noADR,standard,kmeans,4,5,1405,,K_grid=2-8;M=10;max_iter=100;base_seed=1000,full_data,0.1115123464455989,13680.370061192458,2.3018395075624287,26,True,k-means baseline exploration
2026-06-05T10:03:01,R0_Euclid_standard_noADR_kmeans_K4_run6_seed1406,R0-Euclid-standard-noADR,standard,kmeans,4,6,1406,,K_grid=2-8;M=10;max_iter=100;base_seed=1000,full_data,0.10379514464463402,13704.674515947456,2.289543569830323,24,True,k-means baseline exploration
2026-06-05T10:03:01,R0_Euclid_standard_noADR_kmeans_K4_run7_seed1407,R0-Euclid-standard-noADR,standard,kmeans,4,7,1407,,K_grid=2-8;M=10;max_iter=100;base_seed=1000,full_data,0.11946794132022297,13843.49234710226,2.2834735899323766,22,True,k-means baseline exploration
2026-06-05T10:03:01,R0_Euclid_standard_noADR_kmeans_K4_run8_seed1408,R0-Euclid-standard-noADR,standard,kmeans,4,8,1408,,K_grid=2-8;M=10;max_iter=100;base_seed=1000,full_data,0.16523161480129847,16609.048459712023,1.8130980597116806,38,True,k-means baseline exploration
2026-06-05T10:03:01,R0_Euclid_standard_noADR_kmeans_K4_run9_seed1409,R0-Euclid-standard-noADR,standard,kmeans,4,9,1409,,K_grid=2-8;M=10;max_iter=100;base_seed=1000,full_data,0.10273088392789637,13029.91736312049,2.3790632582441087,33,True,k-means baseline exploration
2026-06-05T10:03:01,R0_Euclid_standard_noADR_kmeans_K4_run10_seed1410,R0-Euclid-standard-noADR,standard,kmeans,4,10,1410,,K_grid=2-8;M=10;max_iter=100;base_seed=1000,full_data,0.1025739459029541,14059.303316033787,2.1234173703974544,15,True,k-means baseline exploration
2026-06-05T10:03:01,R0_Euclid_standard_noADR_kmeans_K5_run1_seed1501,R0-Euclid-standard-noADR,standard,kmeans,5,1,1501,,K_grid=2-8;M=10;max_iter=100;base_seed=1000,full_data,0.12382997498983199,15326.760903150598,1.9359977170973153,28,True,k-means baseline exploration
2026-06-05T10:03:01,R0_Euclid_standard_noADR_kmeans_K5_run2_seed1502,R0-Euclid-standard-noADR,standard,kmeans,5,2,1502,,K_grid=2-8;M=10;max_iter=100;base_seed=1000,full_data,0.12382276059160374,15326.715421570303,1.9357936733150454,46,True,k-means baseline exploration
2026-06-05T10:03:01,R0_Euclid_standard_noADR_kmeans_K5_run3_seed1503,R0-Euclid-standard-noADR,standard,kmeans,5,3,1503,,K_grid=2-8;M=10;max_iter=100;base_seed=1000,full_data,0.1188432869354292,11774.195181166704,2.1563575909893684,19,True,k-means baseline exploration
2026-06-05T10:03:01,R0_Euclid_standard_noADR_kmeans_K5_run4_seed1504,R0-Euclid-standard-noADR,standard,kmeans,5,4,1504,,K_grid=2-8;M=10;max_iter=100;base_seed=1000,full_data,0.12382276059160374,15326.715421570301,1.9357936733150454,19,True,k-means baseline exploration
2026-06-05T10:03:01,R0_Euclid_standard_noADR_kmeans_K5_run5_seed1505,R0-Euclid-standard-noADR,standard,kmeans,5,5,1505,,K_grid=2-8;M=10;max_iter=100;base_seed=1000,full_data,0.16610487744249858,17991.23092057154,1.6136723677736966,25,True,k-means baseline exploration
2026-06-05T10:03:01,R0_Euclid_standard_noADR_kmeans_K5_run6_seed1506,R0-Euclid-standard-noADR,standard,kmeans,5,6,1506,,K_grid=2-8;M=10;max_iter=100;base_seed=1000,full_data,0.1236068738545614,15134.859190881138,1.9855521508822114,28,True,k-means baseline exploration
2026-06-05T10:03:01,R0_Euclid_standard_noADR_kmeans_K5_run7_seed1507,R0-Euclid-standard-noADR,standard,kmeans,5,7,1507,,K_grid=2-8;M=10;max_iter=100;base_seed=1000,full_data,0.1661033108285775,17991.23063022818,1.6136703903005916,19,True,k-means baseline exploration
2026-06-05T10:03:01,R0_Euclid_standard_noADR_kmeans_K5_run8_seed1508,R0-Euclid-standard-noADR,standard,kmeans,5,8,1508,,K_grid=2-8;M=10;max_iter=100;base_seed=1000,full_data,0.1188432869354292,11774.19518116671,2.1563575909893684,20,True,k-means baseline exploration
2026-06-05T10:03:01,R0_Euclid_standard_noADR_kmeans_K5_run9_seed1509,R0-Euclid-standard-noADR,standard,kmeans,5,9,1509,,K_grid=2-8;M=10;max_iter=100;base_seed=1000,full_data,0.12601603358774507,14506.471136368355,1.911401215977509,23,True,k-means baseline exploration
2026-06-05T10:03:01,R0_Euclid_standard_noADR_kmeans_K5_run10_seed1510,R0-Euclid-standard-noADR,standard,kmeans,5,10,1510,,K_grid=2-8;M=10;max_iter=100;base_seed=1000,full_data,0.12382883214851256,15326.715586621738,1.9356862585108991,26,True,k-means baseline exploration
2026-06-05T10:03:01,R0_Euclid_standard_noADR_kmeans_K6_run1_seed1601,R0-Euclid-standard-noADR,standard,kmeans,6,1,1601,,K_grid=2-8;M=10;max_iter=100;base_seed=1000,full_data,0.14269516496817378,17246.759054450198,1.716846573358846,30,True,k-means baseline exploration
2026-06-05T10:03:01,R0_Euclid_standard_noADR_kmeans_K6_run2_seed1602,R0-Euclid-standard-noADR,standard,kmeans,6,2,1602,,K_grid=2-8;M=10;max_iter=100;base_seed=1000,full_data,0.1421285499422759,16418.963084970066,1.7290361710947468,25,True,k-means baseline exploration
2026-06-05T10:03:01,R0_Euclid_standard_noADR_kmeans_K6_run3_seed1603,R0-Euclid-standard-noADR,standard,kmeans,6,3,1603,,K_grid=2-8;M=10;max_iter=100;base_seed=1000,full_data,0.12378522441587568,13532.89304808215,1.9973257581958264,23,True,k-means baseline exploration
2026-06-05T10:03:01,R0_Euclid_standard_noADR_kmeans_K6_run4_seed1604,R0-Euclid-standard-noADR,standard,kmeans,6,4,1604,,K_grid=2-8;M=10;max_iter=100;base_seed=1000,full_data,0.14269516496817378,17246.759054450187,1.7168465733588458,25,True,k-means baseline exploration
2026-06-05T10:03:01,R0_Euclid_standard_noADR_kmeans_K6_run5_seed1605,R0-Euclid-standard-noADR,standard,kmeans,6,5,1605,,K_grid=2-8;M=10;max_iter=100;base_seed=1000,full_data,0.12491472172842283,13249.260192201378,1.8834524898848128,24,True,k-means baseline exploration
2026-06-05T10:03:01,R0_Euclid_standard_noADR_kmeans_K6_run6_seed1606,R0-Euclid-standard-noADR,standard,kmeans,6,6,1606,,K_grid=2-8;M=10;max_iter=100;base_seed=1000,full_data,0.13892905699706914,17013.505770772616,1.768610665809783,25,True,k-means baseline exploration
2026-06-05T10:03:01,R0_Euclid_standard_noADR_kmeans_K6_run7_seed1607,R0-Euclid-standard-noADR,standard,kmeans,6,7,1607,,K_grid=2-8;M=10;max_iter=100;base_seed=1000,full_data,0.12381847133437729,13844.159336431534,1.9517391740309116,23,True,k-means baseline exploration
2026-06-05T10:03:01,R0_Euclid_standard_noADR_kmeans_K6_run8_seed1608,R0-Euclid-standard-noADR,standard,kmeans,6,8,1608,,K_grid=2-8;M=10;max_iter=100;base_seed=1000,full_data,0.11622747451406314,13924.037684927378,1.9172533974585058,42,True,k-means baseline exploration
2026-06-05T10:03:01,R0_Euclid_standard_noADR_kmeans_K6_run9_seed1609,R0-Euclid-standard-noADR,standard,kmeans,6,9,1609,,K_grid=2-8;M=10;max_iter=100;base_seed=1000,full_data,0.14039835208208834,13637.254394087196,1.9077700187239641,16,True,k-means baseline exploration
2026-06-05T10:03:01,R0_Euclid_standard_noADR_kmeans_K6_run10_seed1610,R0-Euclid-standard-noADR,standard,kmeans,6,10,1610,,K_grid=2-8;M=10;max_iter=100;base_seed=1000,full_data,0.14271695672452447,17246.758502376095,1.716831485548795,16,True,k-means baseline exploration
2026-06-05T10:03:01,R0_Euclid_standard_noADR_kmeans_K7_run1_seed1701,R0-Euclid-standard-noADR,standard,kmeans,7,1,1701,,K_grid=2-8;M=10;max_iter=100;base_seed=1000,full_data,0.13306755525226954,16070.233106513533,1.725670522621948,18,True,k-means baseline exploration
2026-06-05T10:03:01,R0_Euclid_standard_noADR_kmeans_K7_run2_seed1702,R0-Euclid-standard-noADR,standard,kmeans,7,2,1702,,K_grid=2-8;M=10;max_iter=100;base_seed=1000,full_data,0.1396908690368353,15623.450167895793,1.8029768761270115,27,True,k-means baseline exploration
2026-06-05T10:03:01,R0_Euclid_standard_noADR_kmeans_K7_run3_seed1703,R0-Euclid-standard-noADR,standard,kmeans,7,3,1703,,K_grid=2-8;M=10;max_iter=100;base_seed=1000,full_data,0.12842943502099124,15567.916629255267,1.81922148897328,32,True,k-means baseline exploration
2026-06-05T10:03:01,R0_Euclid_standard_noADR_kmeans_K7_run4_seed1704,R0-Euclid-standard-noADR,standard,kmeans,7,4,1704,,K_grid=2-8;M=10;max_iter=100;base_seed=1000,full_data,0.13306743123098155,16070.232977197795,1.7256880680396034,21,True,k-means baseline exploration
2026-06-05T10:03:01,R0_Euclid_standard_noADR_kmeans_K7_run5_seed1705,R0-Euclid-standard-noADR,standard,kmeans,7,5,1705,,K_grid=2-8;M=10;max_iter=100;base_seed=1000,full_data,0.1358219619852259,15770.976585430799,1.775702851539542,29,True,k-means baseline exploration
2026-06-05T10:03:01,R0_Euclid_standard_noADR_kmeans_K7_run6_seed1706,R0-Euclid-standard-noADR,standard,kmeans,7,6,1706,,K_grid=2-8;M=10;max_iter=100;base_seed=1000,full_data,0.1334060713698177,15109.038809752241,1.7722087703328733,21,True,k-means baseline exploration
2026-06-05T10:03:01,R0_Euclid_standard_noADR_kmeans_K7_run7_seed1707,R0-Euclid-standard-noADR,standard,kmeans,7,7,1707,,K_grid=2-8;M=10;max_iter=100;base_seed=1000,full_data,0.13567328125186498,15770.473541759495,1.7747597241610218,33,True,k-means baseline exploration
2026-06-05T10:03:01,R0_Euclid_standard_noADR_kmeans_K7_run8_seed1708,R0-Euclid-standard-noADR,standard,kmeans,7,8,1708,,K_grid=2-8;M=10;max_iter=100;base_seed=1000,full_data,0.15640673866358432,15786.993591051894,1.7289223504840696,50,True,k-means baseline exploration
2026-06-05T10:03:01,R0_Euclid_standard_noADR_kmeans_K7_run9_seed1709,R0-Euclid-standard-noADR,standard,kmeans,7,9,1709,,K_grid=2-8;M=10;max_iter=100;base_seed=1000,full_data,0.14395865450844123,15423.326550781854,1.696682541569107,30,True,k-means baseline exploration
2026-06-05T10:03:01,R0_Euclid_standard_noADR_kmeans_K7_run10_seed1710,R0-Euclid-standard-noADR,standard,kmeans,7,10,1710,,K_grid=2-8;M=10;max_iter=100;base_seed=1000,full_data,0.13242264564787237,15766.548314517346,1.8004137117832628,64,True,k-means baseline exploration
2026-06-05T10:03:01,R0_Euclid_standard_noADR_kmeans_K8_run1_seed1801,R0-Euclid-standard-noADR,standard,kmeans,8,1,1801,,K_grid=2-8;M=10;max_iter=100;base_seed=1000,full_data,0.13014409493088588,14181.2071450792,1.834883907924066,28,True,k-means baseline exploration
2026-06-05T10:03:01,R0_Euclid_standard_noADR_kmeans_K8_run2_seed1802,R0-Euclid-standard-noADR,standard,kmeans,8,2,1802,,K_grid=2-8;M=10;max_iter=100;base_seed=1000,full_data,0.12806256527762883,11625.269085808428,1.8383259628795874,26,True,k-means baseline exploration
2026-06-05T10:03:01,R0_Euclid_standard_noADR_kmeans_K8_run3_seed1803,R0-Euclid-standard-noADR,standard,kmeans,8,3,1803,,K_grid=2-8;M=10;max_iter=100;base_seed=1000,full_data,0.131392691677909,14872.70258808601,1.822088557292928,29,True,k-means baseline exploration
2026-06-05T10:03:01,R0_Euclid_standard_noADR_kmeans_K8_run4_seed1804,R0-Euclid-standard-noADR,standard,kmeans,8,4,1804,,K_grid=2-8;M=10;max_iter=100;base_seed=1000,full_data,0.13356824375107954,14980.259595157222,1.7510458451602386,72,True,k-means baseline exploration
2026-06-05T10:03:01,R0_Euclid_standard_noADR_kmeans_K8_run5_seed1805,R0-Euclid-standard-noADR,standard,kmeans,8,5,1805,,K_grid=2-8;M=10;max_iter=100;base_seed=1000,full_data,0.14475517363877807,15032.56347812896,1.69426341025713,21,True,k-means baseline exploration
2026-06-05T10:03:01,R0_Euclid_standard_noADR_kmeans_K8_run6_seed1806,R0-Euclid-standard-noADR,standard,kmeans,8,6,1806,,K_grid=2-8;M=10;max_iter=100;base_seed=1000,full_data,0.15213717059972567,14580.185174310218,1.7490981431496202,20,True,k-means baseline exploration
2026-06-05T10:03:01,R0_Euclid_standard_noADR_kmeans_K8_run7_seed1807,R0-Euclid-standard-noADR,standard,kmeans,8,7,1807,,K_grid=2-8;M=10;max_iter=100;base_seed=1000,full_data,0.13517985875767374,14618.27154774986,1.8883703141578012,22,True,k-means baseline exploration
2026-06-05T10:03:01,R0_Euclid_standard_noADR_kmeans_K8_run8_seed1808,R0-Euclid-standard-noADR,standard,kmeans,8,8,1808,,K_grid=2-8;M=10;max_iter=100;base_seed=1000,full_data,0.13357827741643294,14980.258220457541,1.75097747690275,36,True,k-means baseline exploration
2026-06-05T10:03:01,R0_Euclid_standard_noADR_kmeans_K8_run9_seed1809,R0-Euclid-standard-noADR,standard,kmeans,8,9,1809,,K_grid=2-8;M=10;max_iter=100;base_seed=1000,full_data,0.132296284292011,14873.024221598931,1.8332651789825845,27,True,k-means baseline exploration
2026-06-05T10:03:01,R0_Euclid_standard_noADR_kmeans_K8_run10_seed1810,R0-Euclid-standard-noADR,standard,kmeans,8,10,1810,,K_grid=2-8;M=10;max_iter=100;base_seed=1000,full_data,0.14661874059422783,15048.789999672084,1.6906727877425043,24,True,k-means baseline exploration
2026-06-05T10:19:01,R0_Euclid_standard_noADR_ikmeans_K12_minSize1000,R0-Euclid-standard-noADR,standard,ikmeans,12,,,1000,"min_cluster_size_grid=[1000,1500,2000,3000,5000,8000,9000,11000];max_iter_ap=10000;max_iter_kmeans=300;tol=1e-12;use_unit_ranges=True",full_data,0.12069691176931191,11264.497128165975,1.8209710407876203,24,True,iK-means exploration
2026-06-05T10:19:01,R0_Euclid_standard_noADR_ikmeans_K12_minSize1500,R0-Euclid-standard-noADR,standard,ikmeans,12,,,1500,"min_cluster_size_grid=[1000,1500,2000,3000,5000,8000,9000,11000];max_iter_ap=10000;max_iter_kmeans=300;tol=1e-12;use_unit_ranges=True",full_data,0.12069691176931191,11264.497128165975,1.8209710407876203,24,True,iK-means exploration
2026-06-05T10:19:01,R0_Euclid_standard_noADR_ikmeans_K12_minSize2000,R0-Euclid-standard-noADR,standard,ikmeans,12,,,2000,"min_cluster_size_grid=[1000,1500,2000,3000,5000,8000,9000,11000];max_iter_ap=10000;max_iter_kmeans=300;tol=1e-12;use_unit_ranges=True",full_data,0.12069691176931191,11264.497128165975,1.8209710407876203,24,True,iK-means exploration
2026-06-05T10:19:01,R0_Euclid_standard_noADR_ikmeans_K8_minSize3000,R0-Euclid-standard-noADR,standard,ikmeans,8,,,3000,"min_cluster_size_grid=[1000,1500,2000,3000,5000,8000,9000,11000];max_iter_ap=10000;max_iter_kmeans=300;tol=1e-12;use_unit_ranges=True",full_data,0.13995456016507288,14317.715000438468,1.8049784556168,42,True,iK-means exploration
2026-06-05T10:19:01,R0_Euclid_standard_noADR_ikmeans_K6_minSize5000,R0-Euclid-standard-noADR,standard,ikmeans,6,,,5000,"min_cluster_size_grid=[1000,1500,2000,3000,5000,8000,9000,11000];max_iter_ap=10000;max_iter_kmeans=300;tol=1e-12;use_unit_ranges=True",full_data,0.11622747451406314,13924.037684927378,1.9172533974585058,17,True,iK-means exploration
2026-06-05T10:19:01,R0_Euclid_standard_noADR_ikmeans_K6_minSize8000,R0-Euclid-standard-noADR,standard,ikmeans,6,,,8000,"min_cluster_size_grid=[1000,1500,2000,3000,5000,8000,9000,11000];max_iter_ap=10000;max_iter_kmeans=300;tol=1e-12;use_unit_ranges=True",full_data,0.11622747451406314,13924.037684927378,1.9172533974585058,17,True,iK-means exploration
2026-06-05T10:19:01,R0_Euclid_standard_noADR_ikmeans_K6_minSize9000,R0-Euclid-standard-noADR,standard,ikmeans,6,,,9000,"min_cluster_size_grid=[1000,1500,2000,3000,5000,8000,9000,11000];max_iter_ap=10000;max_iter_kmeans=300;tol=1e-12;use_unit_ranges=True",full_data,0.11622747451406314,13924.037684927378,1.9172533974585058,17,True,iK-means exploration
2026-06-05T10:19:01,R0_Euclid_standard_noADR_ikmeans_K5_minSize11000,R0-Euclid-standard-noADR,standard,ikmeans,5,,,11000,"min_cluster_size_grid=[1000,1500,2000,3000,5000,8000,9000,11000];max_iter_ap=10000;max_iter_kmeans=300;tol=1e-12;use_unit_ranges=True",full_data,0.12382997498983199,15326.760903150594,1.9359977170973153,28,True,iK-means exploration
2026-06-05T12:38:23,R0_Euclid_standard_noADR_gmm_K2_covdiag_run1_seed3201,R0-Euclid-standard-noADR,standard,gmm,2,1,3201,,K_grid=2..8;covariance_type=diag;M=5;max_iter=300;tol=1e-3;reg_covar=1e-6;base_seed=3000;n_init=1,full_data,0.1796639654991837,8581.91152142569,2.9562489996535164,6,True,GMM/EM alternative family; AIC/BIC and membership diagnostics are stored in the GMM-specific result tables.
2026-06-05T12:38:23,R0_Euclid_standard_noADR_gmm_K2_covdiag_run2_seed3202,R0-Euclid-standard-noADR,standard,gmm,2,2,3202,,K_grid=2..8;covariance_type=diag;M=5;max_iter=300;tol=1e-3;reg_covar=1e-6;base_seed=3000;n_init=1,full_data,0.11382688118290768,5508.329048126104,3.690982874829063,6,True,GMM/EM alternative family; AIC/BIC and membership diagnostics are stored in the GMM-specific result tables.
2026-06-05T12:38:23,R0_Euclid_standard_noADR_gmm_K2_covdiag_run3_seed3203,R0-Euclid-standard-noADR,standard,gmm,2,3,3203,,K_grid=2..8;covariance_type=diag;M=5;max_iter=300;tol=1e-3;reg_covar=1e-6;base_seed=3000;n_init=1,full_data,0.0727535982215469,6826.935758289951,3.8190916196431086,6,True,GMM/EM alternative family; AIC/BIC and membership diagnostics are stored in the GMM-specific result tables.
2026-06-05T12:38:23,R0_Euclid_standard_noADR_gmm_K2_covdiag_run4_seed3204,R0-Euclid-standard-noADR,standard,gmm,2,4,3204,,K_grid=2..8;covariance_type=diag;M=5;max_iter=300;tol=1e-3;reg_covar=1e-6;base_seed=3000;n_init=1,full_data,0.1796639654991837,8581.91152142569,2.9562489996535164,6,True,GMM/EM alternative family; AIC/BIC and membership diagnostics are stored in the GMM-specific result tables.
2026-06-05T12:38:23,R0_Euclid_standard_noADR_gmm_K2_covdiag_run5_seed3205,R0-Euclid-standard-noADR,standard,gmm,2,5,3205,,K_grid=2..8;covariance_type=diag;M=5;max_iter=300;tol=1e-3;reg_covar=1e-6;base_seed=3000;n_init=1,full_data,0.1796639654991837,8581.91152142569,2.9562489996535164,6,True,GMM/EM alternative family; AIC/BIC and membership diagnostics are stored in the GMM-specific result tables.
2026-06-05T12:38:23,R0_Euclid_standard_noADR_gmm_K3_covdiag_run1_seed3301,R0-Euclid-standard-noADR,standard,gmm,3,1,3301,,K_grid=2..8;covariance_type=diag;M=5;max_iter=300;tol=1e-3;reg_covar=1e-6;base_seed=3000;n_init=1,full_data,0.06110514640642585,7608.765149184247,2.709787766130145,13,True,GMM/EM alternative family; AIC/BIC and membership diagnostics are stored in the GMM-specific result tables.
2026-06-05T12:38:23,R0_Euclid_standard_noADR_gmm_K3_covdiag_run2_seed3302,R0-Euclid-standard-noADR,standard,gmm,3,2,3302,,K_grid=2..8;covariance_type=diag;M=5;max_iter=300;tol=1e-3;reg_covar=1e-6;base_seed=3000;n_init=1,full_data,0.05813364851542419,7091.807350711654,3.095493264548068,7,True,GMM/EM alternative family; AIC/BIC and membership diagnostics are stored in the GMM-specific result tables.
2026-06-05T12:38:23,R0_Euclid_standard_noADR_gmm_K3_covdiag_run3_seed3303,R0-Euclid-standard-noADR,standard,gmm,3,3,3303,,K_grid=2..8;covariance_type=diag;M=5;max_iter=300;tol=1e-3;reg_covar=1e-6;base_seed=3000;n_init=1,full_data,0.1334656564328078,4888.282359517103,3.444789504248234,6,True,GMM/EM alternative family; AIC/BIC and membership diagnostics are stored in the GMM-specific result tables.
2026-06-05T12:38:23,R0_Euclid_standard_noADR_gmm_K3_covdiag_run4_seed3304,R0-Euclid-standard-noADR,standard,gmm,3,4,3304,,K_grid=2..8;covariance_type=diag;M=5;max_iter=300;tol=1e-3;reg_covar=1e-6;base_seed=3000;n_init=1,full_data,0.05494503182838518,6511.303799319035,3.1996593922077765,11,True,GMM/EM alternative family; AIC/BIC and membership diagnostics are stored in the GMM-specific result tables.
2026-06-05T12:38:23,R0_Euclid_standard_noADR_gmm_K3_covdiag_run5_seed3305,R0-Euclid-standard-noADR,standard,gmm,3,5,3305,,K_grid=2..8;covariance_type=diag;M=5;max_iter=300;tol=1e-3;reg_covar=1e-6;base_seed=3000;n_init=1,full_data,0.06110514640642585,7608.765149184248,2.709787766130145,13,True,GMM/EM alternative family; AIC/BIC and membership diagnostics are stored in the GMM-specific result tables.
2026-06-05T12:38:23,R0_Euclid_standard_noADR_gmm_K4_covdiag_run1_seed3401,R0-Euclid-standard-noADR,standard,gmm,4,1,3401,,K_grid=2..8;covariance_type=diag;M=5;max_iter=300;tol=1e-3;reg_covar=1e-6;base_seed=3000;n_init=1,full_data,0.056166816618034576,5982.718965465745,2.992514945694981,14,True,GMM/EM alternative family; AIC/BIC and membership diagnostics are stored in the GMM-specific result tables.
2026-06-05T12:38:23,R0_Euclid_standard_noADR_gmm_K4_covdiag_run2_seed3402,R0-Euclid-standard-noADR,standard,gmm,4,2,3402,,K_grid=2..8;covariance_type=diag;M=5;max_iter=300;tol=1e-3;reg_covar=1e-6;base_seed=3000;n_init=1,full_data,0.06607024852929491,5881.3775687490615,3.339274880594765,13,True,GMM/EM alternative family; AIC/BIC and membership diagnostics are stored in the GMM-specific result tables.
2026-06-05T12:38:23,R0_Euclid_standard_noADR_gmm_K4_covdiag_run3_seed3403,R0-Euclid-standard-noADR,standard,gmm,4,3,3403,,K_grid=2..8;covariance_type=diag;M=5;max_iter=300;tol=1e-3;reg_covar=1e-6;base_seed=3000;n_init=1,full_data,0.04603417966590013,4548.7230175443,3.653313032257013,16,True,GMM/EM alternative family; AIC/BIC and membership diagnostics are stored in the GMM-specific result tables.
2026-06-05T12:38:23,R0_Euclid_standard_noADR_gmm_K4_covdiag_run4_seed3404,R0-Euclid-standard-noADR,standard,gmm,4,4,3404,,K_grid=2..8;covariance_type=diag;M=5;max_iter=300;tol=1e-3;reg_covar=1e-6;base_seed=3000;n_init=1,full_data,0.04603417966590013,4548.723017544299,3.653313032257013,16,True,GMM/EM alternative family; AIC/BIC and membership diagnostics are stored in the GMM-specific result tables.
2026-06-05T12:38:23,R0_Euclid_standard_noADR_gmm_K4_covdiag_run5_seed3405,R0-Euclid-standard-noADR,standard,gmm,4,5,3405,,K_grid=2..8;covariance_type=diag;M=5;max_iter=300;tol=1e-3;reg_covar=1e-6;base_seed=3000;n_init=1,full_data,0.012804290530054122,5583.428300827896,3.789831816700943,23,True,GMM/EM alternative family; AIC/BIC and membership diagnostics are stored in the GMM-specific result tables.
2026-06-05T12:38:23,R0_Euclid_standard_noADR_gmm_K5_covdiag_run1_seed3501,R0-Euclid-standard-noADR,standard,gmm,5,1,3501,,K_grid=2..8;covariance_type=diag;M=5;max_iter=300;tol=1e-3;reg_covar=1e-6;base_seed=3000;n_init=1,full_data,0.056114856400476275,4131.316377840512,3.6932868255340034,15,True,GMM/EM alternative family; AIC/BIC and membership diagnostics are stored in the GMM-specific result tables.
2026-06-05T12:38:23,R0_Euclid_standard_noADR_gmm_K5_covdiag_run2_seed3502,R0-Euclid-standard-noADR,standard,gmm,5,2,3502,,K_grid=2..8;covariance_type=diag;M=5;max_iter=300;tol=1e-3;reg_covar=1e-6;base_seed=3000;n_init=1,full_data,0.0721836874404249,5744.222015556158,3.437854375849389,16,True,GMM/EM alternative family; AIC/BIC and membership diagnostics are stored in the GMM-specific result tables.
2026-06-05T12:38:23,R0_Euclid_standard_noADR_gmm_K5_covdiag_run3_seed3503,R0-Euclid-standard-noADR,standard,gmm,5,3,3503,,K_grid=2..8;covariance_type=diag;M=5;max_iter=300;tol=1e-3;reg_covar=1e-6;base_seed=3000;n_init=1,full_data,0.04482153873711927,3893.7609311424576,3.811745780535687,14,True,GMM/EM alternative family; AIC/BIC and membership diagnostics are stored in the GMM-specific result tables.
2026-06-05T12:38:23,R0_Euclid_standard_noADR_gmm_K5_covdiag_run4_seed3504,R0-Euclid-standard-noADR,standard,gmm,5,4,3504,,K_grid=2..8;covariance_type=diag;M=5;max_iter=300;tol=1e-3;reg_covar=1e-6;base_seed=3000;n_init=1,full_data,0.07693006194130182,6162.9355126409055,3.2481281384110217,8,True,GMM/EM alternative family; AIC/BIC and membership diagnostics are stored in the GMM-specific result tables.
2026-06-05T12:38:23,R0_Euclid_standard_noADR_gmm_K5_covdiag_run5_seed3505,R0-Euclid-standard-noADR,standard,gmm,5,5,3505,,K_grid=2..8;covariance_type=diag;M=5;max_iter=300;tol=1e-3;reg_covar=1e-6;base_seed=3000;n_init=1,full_data,0.056114856400476275,4131.316377840512,3.693286825534004,15,True,GMM/EM alternative family; AIC/BIC and membership diagnostics are stored in the GMM-specific result tables.
2026-06-05T12:38:23,R0_Euclid_standard_noADR_gmm_K6_covdiag_run1_seed3601,R0-Euclid-standard-noADR,standard,gmm,6,1,3601,,K_grid=2..8;covariance_type=diag;M=5;max_iter=300;tol=1e-3;reg_covar=1e-6;base_seed=3000;n_init=1,full_data,-0.004451532654925209,4087.3720924793793,3.6873508732800193,16,True,GMM/EM alternative family; AIC/BIC and membership diagnostics are stored in the GMM-specific result tables.
2026-06-05T12:38:23,R0_Euclid_standard_noADR_gmm_K6_covdiag_run2_seed3602,R0-Euclid-standard-noADR,standard,gmm,6,2,3602,,K_grid=2..8;covariance_type=diag;M=5;max_iter=300;tol=1e-3;reg_covar=1e-6;base_seed=3000;n_init=1,full_data,0.05624371680185346,4987.032594930213,2.999396300057038,12,True,GMM/EM alternative family; AIC/BIC and membership diagnostics are stored in the GMM-specific result tables.
2026-06-05T12:38:23,R0_Euclid_standard_noADR_gmm_K6_covdiag_run3_seed3603,R0-Euclid-standard-noADR,standard,gmm,6,3,3603,,K_grid=2..8;covariance_type=diag;M=5;max_iter=300;tol=1e-3;reg_covar=1e-6;base_seed=3000;n_init=1,full_data,0.06374993640440074,4921.485465030343,3.1565810714632048,26,True,GMM/EM alternative family; AIC/BIC and membership diagnostics are stored in the GMM-specific result tables.
2026-06-05T12:38:23,R0_Euclid_standard_noADR_gmm_K6_covdiag_run4_seed3604,R0-Euclid-standard-noADR,standard,gmm,6,4,3604,,K_grid=2..8;covariance_type=diag;M=5;max_iter=300;tol=1e-3;reg_covar=1e-6;base_seed=3000;n_init=1,full_data,0.07209247371908586,4985.712387571059,3.9515318258899317,8,True,GMM/EM alternative family; AIC/BIC and membership diagnostics are stored in the GMM-specific result tables.
2026-06-05T12:38:23,R0_Euclid_standard_noADR_gmm_K6_covdiag_run5_seed3605,R0-Euclid-standard-noADR,standard,gmm,6,5,3605,,K_grid=2..8;covariance_type=diag;M=5;max_iter=300;tol=1e-3;reg_covar=1e-6;base_seed=3000;n_init=1,full_data,0.06418457033232888,5042.252279007835,2.894672176554247,15,True,GMM/EM alternative family; AIC/BIC and membership diagnostics are stored in the GMM-specific result tables.
2026-06-05T12:38:23,R0_Euclid_standard_noADR_gmm_K7_covdiag_run1_seed3701,R0-Euclid-standard-noADR,standard,gmm,7,1,3701,,K_grid=2..8;covariance_type=diag;M=5;max_iter=300;tol=1e-3;reg_covar=1e-6;base_seed=3000;n_init=1,full_data,0.03591310849956614,4224.263575639815,4.570472874673183,18,True,GMM/EM alternative family; AIC/BIC and membership diagnostics are stored in the GMM-specific result tables.
2026-06-05T12:38:23,R0_Euclid_standard_noADR_gmm_K7_covdiag_run2_seed3702,R0-Euclid-standard-noADR,standard,gmm,7,2,3702,,K_grid=2..8;covariance_type=diag;M=5;max_iter=300;tol=1e-3;reg_covar=1e-6;base_seed=3000;n_init=1,full_data,0.05782303902602388,4372.638741393925,4.951706298530882,9,True,GMM/EM alternative family; AIC/BIC and membership diagnostics are stored in the GMM-specific result tables.
2026-06-05T12:38:23,R0_Euclid_standard_noADR_gmm_K7_covdiag_run3_seed3703,R0-Euclid-standard-noADR,standard,gmm,7,3,3703,,K_grid=2..8;covariance_type=diag;M=5;max_iter=300;tol=1e-3;reg_covar=1e-6;base_seed=3000;n_init=1,full_data,0.05782077242722174,4372.459720898451,4.955228659487858,9,True,GMM/EM alternative family; AIC/BIC and membership diagnostics are stored in the GMM-specific result tables.
2026-06-05T12:38:23,R0_Euclid_standard_noADR_gmm_K7_covdiag_run4_seed3704,R0-Euclid-standard-noADR,standard,gmm,7,4,3704,,K_grid=2..8;covariance_type=diag;M=5;max_iter=300;tol=1e-3;reg_covar=1e-6;base_seed=3000;n_init=1,full_data,0.06723203141262904,4441.442923948312,3.942149727337798,12,True,GMM/EM alternative family; AIC/BIC and membership diagnostics are stored in the GMM-specific result tables.
2026-06-05T12:38:23,R0_Euclid_standard_noADR_gmm_K7_covdiag_run5_seed3705,R0-Euclid-standard-noADR,standard,gmm,7,5,3705,,K_grid=2..8;covariance_type=diag;M=5;max_iter=300;tol=1e-3;reg_covar=1e-6;base_seed=3000;n_init=1,full_data,0.07329766674964151,4756.59109761424,3.7057298662231055,8,True,GMM/EM alternative family; AIC/BIC and membership diagnostics are stored in the GMM-specific result tables.
2026-06-05T12:38:23,R0_Euclid_standard_noADR_gmm_K8_covdiag_run1_seed3801,R0-Euclid-standard-noADR,standard,gmm,8,1,3801,,K_grid=2..8;covariance_type=diag;M=5;max_iter=300;tol=1e-3;reg_covar=1e-6;base_seed=3000;n_init=1,full_data,0.053858954999658,4529.635466023951,2.9467030373393324,18,True,GMM/EM alternative family; AIC/BIC and membership diagnostics are stored in the GMM-specific result tables.
2026-06-05T12:38:23,R0_Euclid_standard_noADR_gmm_K8_covdiag_run2_seed3802,R0-Euclid-standard-noADR,standard,gmm,8,2,3802,,K_grid=2..8;covariance_type=diag;M=5;max_iter=300;tol=1e-3;reg_covar=1e-6;base_seed=3000;n_init=1,full_data,0.04780214953951045,4249.016799954295,3.8697280812406554,10,True,GMM/EM alternative family; AIC/BIC and membership diagnostics are stored in the GMM-specific result tables.
2026-06-05T12:38:23,R0_Euclid_standard_noADR_gmm_K8_covdiag_run3_seed3803,R0-Euclid-standard-noADR,standard,gmm,8,3,3803,,K_grid=2..8;covariance_type=diag;M=5;max_iter=300;tol=1e-3;reg_covar=1e-6;base_seed=3000;n_init=1,full_data,0.06123596520816779,3972.303036134288,4.320235418271922,15,True,GMM/EM alternative family; AIC/BIC and membership diagnostics are stored in the GMM-specific result tables.
2026-06-05T12:38:23,R0_Euclid_standard_noADR_gmm_K8_covdiag_run4_seed3804,R0-Euclid-standard-noADR,standard,gmm,8,4,3804,,K_grid=2..8;covariance_type=diag;M=5;max_iter=300;tol=1e-3;reg_covar=1e-6;base_seed=3000;n_init=1,full_data,0.08286069430924832,5680.780381239946,3.059671913884524,15,True,GMM/EM alternative family; AIC/BIC and membership diagnostics are stored in the GMM-specific result tables.
2026-06-05T12:38:23,R0_Euclid_standard_noADR_gmm_K8_covdiag_run5_seed3805,R0-Euclid-standard-noADR,standard,gmm,8,5,3805,,K_grid=2..8;covariance_type=diag;M=5;max_iter=300;tol=1e-3;reg_covar=1e-6;base_seed=3000;n_init=1,full_data,0.05938093849303412,4619.642061673967,3.3337238255266803,23,True,GMM/EM alternative family; AIC/BIC and membership diagnostics are stored in the GMM-specific result tables.
2026-06-05T12:38:23,R0_Euclid_standard_noADR_gmm_K2_covtied_run1_seed3201,R0-Euclid-standard-noADR,standard,gmm,2,1,3201,,K_grid=2..8;covariance_type=tied;M=5;max_iter=300;tol=1e-3;reg_covar=1e-6;base_seed=3000;n_init=1,full_data,0.1890589380704747,8310.127101240041,2.7839786518645946,19,True,GMM/EM alternative family; AIC/BIC and membership diagnostics are stored in the GMM-specific result tables.
2026-06-05T12:38:23,R0_Euclid_standard_noADR_gmm_K2_covtied_run2_seed3202,R0-Euclid-standard-noADR,standard,gmm,2,2,3202,,K_grid=2..8;covariance_type=tied;M=5;max_iter=300;tol=1e-3;reg_covar=1e-6;base_seed=3000;n_init=1,full_data,0.13316898215951167,14619.02013875919,2.4033070992388903,6,True,GMM/EM alternative family; AIC/BIC and membership diagnostics are stored in the GMM-specific result tables.
2026-06-05T12:38:23,R0_Euclid_standard_noADR_gmm_K2_covtied_run3_seed3203,R0-Euclid-standard-noADR,standard,gmm,2,3,3203,,K_grid=2..8;covariance_type=tied;M=5;max_iter=300;tol=1e-3;reg_covar=1e-6;base_seed=3000;n_init=1,full_data,0.2748878474963557,13188.429261494884,1.5103421766574991,2,True,GMM/EM alternative family; AIC/BIC and membership diagnostics are stored in the GMM-specific result tables.
2026-06-05T12:38:23,R0_Euclid_standard_noADR_gmm_K2_covtied_run4_seed3204,R0-Euclid-standard-noADR,standard,gmm,2,4,3204,,K_grid=2..8;covariance_type=tied;M=5;max_iter=300;tol=1e-3;reg_covar=1e-6;base_seed=3000;n_init=1,full_data,0.1890589380704747,8310.127101240041,2.7839786518645946,19,True,GMM/EM alternative family; AIC/BIC and membership diagnostics are stored in the GMM-specific result tables.
2026-06-05T12:38:23,R0_Euclid_standard_noADR_gmm_K2_covtied_run5_seed3205,R0-Euclid-standard-noADR,standard,gmm,2,5,3205,,K_grid=2..8;covariance_type=tied;M=5;max_iter=300;tol=1e-3;reg_covar=1e-6;base_seed=3000;n_init=1,full_data,0.1890589380704747,8310.127101240041,2.7839786518645946,19,True,GMM/EM alternative family; AIC/BIC and membership diagnostics are stored in the GMM-specific result tables.
2026-06-05T12:38:23,R0_Euclid_standard_noADR_gmm_K3_covtied_run1_seed3301,R0-Euclid-standard-noADR,standard,gmm,3,1,3301,,K_grid=2..8;covariance_type=tied;M=5;max_iter=300;tol=1e-3;reg_covar=1e-6;base_seed=3000;n_init=1,full_data,0.08481483498977489,4803.884048159233,3.076735087174819,33,True,GMM/EM alternative family; AIC/BIC and membership diagnostics are stored in the GMM-specific result tables.
2026-06-05T12:38:23,R0_Euclid_standard_noADR_gmm_K3_covtied_run2_seed3302,R0-Euclid-standard-noADR,standard,gmm,3,2,3302,,K_grid=2..8;covariance_type=tied;M=5;max_iter=300;tol=1e-3;reg_covar=1e-6;base_seed=3000;n_init=1,full_data,0.25544658145195576,10272.010678677216,1.88257413546705,17,True,GMM/EM alternative family; AIC/BIC and membership diagnostics are stored in the GMM-specific result tables.
2026-06-05T12:38:23,R0_Euclid_standard_noADR_gmm_K3_covtied_run3_seed3303,R0-Euclid-standard-noADR,standard,gmm,3,3,3303,,K_grid=2..8;covariance_type=tied;M=5;max_iter=300;tol=1e-3;reg_covar=1e-6;base_seed=3000;n_init=1,full_data,0.14878762676824414,9546.417565445432,2.1510609357786996,24,True,GMM/EM alternative family; AIC/BIC and membership diagnostics are stored in the GMM-specific result tables.
2026-06-05T12:38:23,R0_Euclid_standard_noADR_gmm_K3_covtied_run4_seed3304,R0-Euclid-standard-noADR,standard,gmm,3,4,3304,,K_grid=2..8;covariance_type=tied;M=5;max_iter=300;tol=1e-3;reg_covar=1e-6;base_seed=3000;n_init=1,full_data,0.1447466088545546,14752.2859031954,1.9870074289306092,6,True,GMM/EM alternative family; AIC/BIC and membership diagnostics are stored in the GMM-specific result tables.
2026-06-05T12:38:23,R0_Euclid_standard_noADR_gmm_K3_covtied_run5_seed3305,R0-Euclid-standard-noADR,standard,gmm,3,5,3305,,K_grid=2..8;covariance_type=tied;M=5;max_iter=300;tol=1e-3;reg_covar=1e-6;base_seed=3000;n_init=1,full_data,0.08481483498977489,4803.884048159233,3.076735087174819,33,True,GMM/EM alternative family; AIC/BIC and membership diagnostics are stored in the GMM-specific result tables.
2026-06-05T12:38:23,R0_Euclid_standard_noADR_gmm_K4_covtied_run1_seed3401,R0-Euclid-standard-noADR,standard,gmm,4,1,3401,,K_grid=2..8;covariance_type=tied;M=5;max_iter=300;tol=1e-3;reg_covar=1e-6;base_seed=3000;n_init=1,full_data,0.07643346682463281,6958.501859474654,2.8140582470062405,21,True,GMM/EM alternative family; AIC/BIC and membership diagnostics are stored in the GMM-specific result tables.
2026-06-05T12:38:23,R0_Euclid_standard_noADR_gmm_K4_covtied_run2_seed3402,R0-Euclid-standard-noADR,standard,gmm,4,2,3402,,K_grid=2..8;covariance_type=tied;M=5;max_iter=300;tol=1e-3;reg_covar=1e-6;base_seed=3000;n_init=1,full_data,0.08120674831548311,9611.309613382593,2.5092113134295815,18,True,GMM/EM alternative family; AIC/BIC and membership diagnostics are stored in the GMM-specific result tables.
2026-06-05T12:38:23,R0_Euclid_standard_noADR_gmm_K4_covtied_run3_seed3403,R0-Euclid-standard-noADR,standard,gmm,4,3,3403,,K_grid=2..8;covariance_type=tied;M=5;max_iter=300;tol=1e-3;reg_covar=1e-6;base_seed=3000;n_init=1,full_data,0.1850997930368589,11613.370317971234,1.7863675456076984,16,True,GMM/EM alternative family; AIC/BIC and membership diagnostics are stored in the GMM-specific result tables.
2026-06-05T12:38:23,R0_Euclid_standard_noADR_gmm_K4_covtied_run4_seed3404,R0-Euclid-standard-noADR,standard,gmm,4,4,3404,,K_grid=2..8;covariance_type=tied;M=5;max_iter=300;tol=1e-3;reg_covar=1e-6;base_seed=3000;n_init=1,full_data,0.1850997930368589,11613.37031797124,1.7863675456076984,16,True,GMM/EM alternative family; AIC/BIC and membership diagnostics are stored in the GMM-specific result tables.
2026-06-05T12:38:23,R0_Euclid_standard_noADR_gmm_K4_covtied_run5_seed3405,R0-Euclid-standard-noADR,standard,gmm,4,5,3405,,K_grid=2..8;covariance_type=tied;M=5;max_iter=300;tol=1e-3;reg_covar=1e-6;base_seed=3000;n_init=1,full_data,0.08474328686540478,3312.111916780885,3.8666123063998086,34,True,GMM/EM alternative family; AIC/BIC and membership diagnostics are stored in the GMM-specific result tables.
2026-06-05T12:38:23,R0_Euclid_standard_noADR_gmm_K5_covtied_run1_seed3501,R0-Euclid-standard-noADR,standard,gmm,5,1,3501,,K_grid=2..8;covariance_type=tied;M=5;max_iter=300;tol=1e-3;reg_covar=1e-6;base_seed=3000;n_init=1,full_data,0.1188432006651278,8656.15874904588,2.2437762915773503,26,True,GMM/EM alternative family; AIC/BIC and membership diagnostics are stored in the GMM-specific result tables.
2026-06-05T12:38:23,R0_Euclid_standard_noADR_gmm_K5_covtied_run2_seed3502,R0-Euclid-standard-noADR,standard,gmm,5,2,3502,,K_grid=2..8;covariance_type=tied;M=5;max_iter=300;tol=1e-3;reg_covar=1e-6;base_seed=3000;n_init=1,full_data,0.10628182096677297,11725.708007364352,2.134346216753922,14,True,GMM/EM alternative family; AIC/BIC and membership diagnostics are stored in the GMM-specific result tables.
2026-06-05T12:38:23,R0_Euclid_standard_noADR_gmm_K5_covtied_run3_seed3503,R0-Euclid-standard-noADR,standard,gmm,5,3,3503,,K_grid=2..8;covariance_type=tied;M=5;max_iter=300;tol=1e-3;reg_covar=1e-6;base_seed=3000;n_init=1,full_data,0.1188432006651278,8656.15874904588,2.2437762915773503,25,True,GMM/EM alternative family; AIC/BIC and membership diagnostics are stored in the GMM-specific result tables.
2026-06-05T12:38:23,R0_Euclid_standard_noADR_gmm_K5_covtied_run4_seed3504,R0-Euclid-standard-noADR,standard,gmm,5,4,3504,,K_grid=2..8;covariance_type=tied;M=5;max_iter=300;tol=1e-3;reg_covar=1e-6;base_seed=3000;n_init=1,full_data,0.08574451001428053,7557.74769662003,2.494812542785471,16,True,GMM/EM alternative family; AIC/BIC and membership diagnostics are stored in the GMM-specific result tables.
2026-06-05T12:38:23,R0_Euclid_standard_noADR_gmm_K5_covtied_run5_seed3505,R0-Euclid-standard-noADR,standard,gmm,5,5,3505,,K_grid=2..8;covariance_type=tied;M=5;max_iter=300;tol=1e-3;reg_covar=1e-6;base_seed=3000;n_init=1,full_data,0.1188432006651278,8656.15874904588,2.2437762915773503,26,True,GMM/EM alternative family; AIC/BIC and membership diagnostics are stored in the GMM-specific result tables.
2026-06-05T12:38:23,R0_Euclid_standard_noADR_gmm_K6_covtied_run1_seed3601,R0-Euclid-standard-noADR,standard,gmm,6,1,3601,,K_grid=2..8;covariance_type=tied;M=5;max_iter=300;tol=1e-3;reg_covar=1e-6;base_seed=3000;n_init=1,full_data,0.09606295582004361,8724.68294076405,2.286875171432997,20,True,GMM/EM alternative family; AIC/BIC and membership diagnostics are stored in the GMM-specific result tables.
2026-06-05T12:38:23,R0_Euclid_standard_noADR_gmm_K6_covtied_run2_seed3602,R0-Euclid-standard-noADR,standard,gmm,6,2,3602,,K_grid=2..8;covariance_type=tied;M=5;max_iter=300;tol=1e-3;reg_covar=1e-6;base_seed=3000;n_init=1,full_data,0.1098715621537698,13146.254255400987,1.914149949835808,17,True,GMM/EM alternative family; AIC/BIC and membership diagnostics are stored in the GMM-specific result tables.
2026-06-05T12:38:23,R0_Euclid_standard_noADR_gmm_K6_covtied_run3_seed3603,R0-Euclid-standard-noADR,standard,gmm,6,3,3603,,K_grid=2..8;covariance_type=tied;M=5;max_iter=300;tol=1e-3;reg_covar=1e-6;base_seed=3000;n_init=1,full_data,0.1098848724893957,13147.33091905605,1.9141364209667449,17,True,GMM/EM alternative family; AIC/BIC and membership diagnostics are stored in the GMM-specific result tables.
2026-06-05T12:38:23,R0_Euclid_standard_noADR_gmm_K6_covtied_run4_seed3604,R0-Euclid-standard-noADR,standard,gmm,6,4,3604,,K_grid=2..8;covariance_type=tied;M=5;max_iter=300;tol=1e-3;reg_covar=1e-6;base_seed=3000;n_init=1,full_data,0.09985835276360133,9048.413798174864,2.2068813722016953,18,True,GMM/EM alternative family; AIC/BIC and membership diagnostics are stored in the GMM-specific result tables.
2026-06-05T12:38:23,R0_Euclid_standard_noADR_gmm_K6_covtied_run5_seed3605,R0-Euclid-standard-noADR,standard,gmm,6,5,3605,,K_grid=2..8;covariance_type=tied;M=5;max_iter=300;tol=1e-3;reg_covar=1e-6;base_seed=3000;n_init=1,full_data,0.10988308348561815,13147.279081761113,1.9141339092448921,17,True,GMM/EM alternative family; AIC/BIC and membership diagnostics are stored in the GMM-specific result tables.
2026-06-05T12:38:23,R0_Euclid_standard_noADR_gmm_K7_covtied_run1_seed3701,R0-Euclid-standard-noADR,standard,gmm,7,1,3701,,K_grid=2..8;covariance_type=tied;M=5;max_iter=300;tol=1e-3;reg_covar=1e-6;base_seed=3000;n_init=1,full_data,0.07880522667478544,6408.180312589406,2.5954750670174027,17,True,GMM/EM alternative family; AIC/BIC and membership diagnostics are stored in the GMM-specific result tables.
2026-06-05T12:38:23,R0_Euclid_standard_noADR_gmm_K7_covtied_run2_seed3702,R0-Euclid-standard-noADR,standard,gmm,7,2,3702,,K_grid=2..8;covariance_type=tied;M=5;max_iter=300;tol=1e-3;reg_covar=1e-6;base_seed=3000;n_init=1,full_data,0.10230208276208343,8344.545100666182,2.295460523218441,22,True,GMM/EM alternative family; AIC/BIC and membership diagnostics are stored in the GMM-specific result tables.
2026-06-05T12:38:23,R0_Euclid_standard_noADR_gmm_K7_covtied_run3_seed3703,R0-Euclid-standard-noADR,standard,gmm,7,3,3703,,K_grid=2..8;covariance_type=tied;M=5;max_iter=300;tol=1e-3;reg_covar=1e-6;base_seed=3000;n_init=1,full_data,0.10230208276208343,8344.545100666182,2.295460523218441,22,True,GMM/EM alternative family; AIC/BIC and membership diagnostics are stored in the GMM-specific result tables.
2026-06-05T12:38:23,R0_Euclid_standard_noADR_gmm_K7_covtied_run4_seed3704,R0-Euclid-standard-noADR,standard,gmm,7,4,3704,,K_grid=2..8;covariance_type=tied;M=5;max_iter=300;tol=1e-3;reg_covar=1e-6;base_seed=3000;n_init=1,full_data,0.10467638033999567,10277.18210219852,2.19340986731645,26,True,GMM/EM alternative family; AIC/BIC and membership diagnostics are stored in the GMM-specific result tables.
2026-06-05T12:38:23,R0_Euclid_standard_noADR_gmm_K7_covtied_run5_seed3705,R0-Euclid-standard-noADR,standard,gmm,7,5,3705,,K_grid=2..8;covariance_type=tied;M=5;max_iter=300;tol=1e-3;reg_covar=1e-6;base_seed=3000;n_init=1,full_data,0.10022663330167744,8146.046013754706,2.3776511704102883,21,True,GMM/EM alternative family; AIC/BIC and membership diagnostics are stored in the GMM-specific result tables.
2026-06-05T12:38:23,R0_Euclid_standard_noADR_gmm_K8_covtied_run1_seed3801,R0-Euclid-standard-noADR,standard,gmm,8,1,3801,,K_grid=2..8;covariance_type=tied;M=5;max_iter=300;tol=1e-3;reg_covar=1e-6;base_seed=3000;n_init=1,full_data,0.1159256937250593,8927.230850358486,2.1378146033425502,17,True,GMM/EM alternative family; AIC/BIC and membership diagnostics are stored in the GMM-specific result tables.
2026-06-05T12:38:23,R0_Euclid_standard_noADR_gmm_K8_covtied_run2_seed3802,R0-Euclid-standard-noADR,standard,gmm,8,2,3802,,K_grid=2..8;covariance_type=tied;M=5;max_iter=300;tol=1e-3;reg_covar=1e-6;base_seed=3000;n_init=1,full_data,0.10408354527506876,7503.843350092679,2.2408072112374278,34,True,GMM/EM alternative family; AIC/BIC and membership diagnostics are stored in the GMM-specific result tables.
2026-06-05T12:38:23,R0_Euclid_standard_noADR_gmm_K8_covtied_run3_seed3803,R0-Euclid-standard-noADR,standard,gmm,8,3,3803,,K_grid=2..8;covariance_type=tied;M=5;max_iter=300;tol=1e-3;reg_covar=1e-6;base_seed=3000;n_init=1,full_data,0.10285248001677759,8998.389557132483,2.4955969196558794,25,True,GMM/EM alternative family; AIC/BIC and membership diagnostics are stored in the GMM-specific result tables.
2026-06-05T12:38:23,R0_Euclid_standard_noADR_gmm_K8_covtied_run4_seed3804,R0-Euclid-standard-noADR,standard,gmm,8,4,3804,,K_grid=2..8;covariance_type=tied;M=5;max_iter=300;tol=1e-3;reg_covar=1e-6;base_seed=3000;n_init=1,full_data,0.10740174736363159,8109.448679719584,2.142601805395331,12,True,GMM/EM alternative family; AIC/BIC and membership diagnostics are stored in the GMM-specific result tables.
2026-06-05T12:38:23,R0_Euclid_standard_noADR_gmm_K8_covtied_run5_seed3805,R0-Euclid-standard-noADR,standard,gmm,8,5,3805,,K_grid=2..8;covariance_type=tied;M=5;max_iter=300;tol=1e-3;reg_covar=1e-6;base_seed=3000;n_init=1,full_data,0.0925765334383503,8622.509006154663,2.4045402806496976,23,True,GMM/EM alternative family; AIC/BIC and membership diagnostics are stored in the GMM-specific result tables.
2026-06-05T14:55:27,R1_Euclid_robust_noADR_kmeans_K2_run1_seed1201,R1-Euclid-robust-noADR,robust,kmeans,2,1,1201,,K_grid=2-8;M=10;max_iter=100;base_seed=1000,full_data,0.14135539827871996,15810.328359792291,2.2004055222080408,22,True,k-means baseline exploration
2026-06-05T14:55:27,R1_Euclid_robust_noADR_kmeans_K2_run2_seed1202,R1-Euclid-robust-noADR,robust,kmeans,2,2,1202,,K_grid=2-8;M=10;max_iter=100;base_seed=1000,full_data,0.12803906571665005,15777.209141043819,2.4550134972300364,23,True,k-means baseline exploration
2026-06-05T14:55:27,R1_Euclid_robust_noADR_kmeans_K2_run3_seed1203,R1-Euclid-robust-noADR,robust,kmeans,2,3,1203,,K_grid=2-8;M=10;max_iter=100;base_seed=1000,full_data,0.14178091657773312,15810.642120209257,2.1913400981580025,22,True,k-means baseline exploration
2026-06-05T14:55:27,R1_Euclid_robust_noADR_kmeans_K2_run4_seed1204,R1-Euclid-robust-noADR,robust,kmeans,2,4,1204,,K_grid=2-8;M=10;max_iter=100;base_seed=1000,full_data,0.11427975326717714,12839.252039476913,2.845921299155092,48,True,k-means baseline exploration
2026-06-05T14:55:27,R1_Euclid_robust_noADR_kmeans_K2_run5_seed1205,R1-Euclid-robust-noADR,robust,kmeans,2,5,1205,,K_grid=2-8;M=10;max_iter=100;base_seed=1000,full_data,0.12803906571665005,15777.209141043819,2.4550134972300364,35,True,k-means baseline exploration
2026-06-05T14:55:27,R1_Euclid_robust_noADR_kmeans_K2_run6_seed1206,R1-Euclid-robust-noADR,robust,kmeans,2,6,1206,,K_grid=2-8;M=10;max_iter=100;base_seed=1000,full_data,0.12840743172992125,15777.670820668138,2.4481233014217136,33,True,k-means baseline exploration
2026-06-05T14:55:27,R1_Euclid_robust_noADR_kmeans_K2_run7_seed1207,R1-Euclid-robust-noADR,robust,kmeans,2,7,1207,,K_grid=2-8;M=10;max_iter=100;base_seed=1000,full_data,0.14173174070565692,15810.530008833928,2.1936443238201133,20,True,k-means baseline exploration
2026-06-05T14:55:27,R1_Euclid_robust_noADR_kmeans_K2_run8_seed1208,R1-Euclid-robust-noADR,robust,kmeans,2,8,1208,,K_grid=2-8;M=10;max_iter=100;base_seed=1000,full_data,0.14178091657773312,15810.642120209257,2.1913400981580025,23,True,k-means baseline exploration
2026-06-05T14:55:27,R1_Euclid_robust_noADR_kmeans_K2_run9_seed1209,R1-Euclid-robust-noADR,robust,kmeans,2,9,1209,,K_grid=2-8;M=10;max_iter=100;base_seed=1000,full_data,0.12803906571665005,15777.209141043819,2.4550134972300364,23,True,k-means baseline exploration
2026-06-05T14:55:27,R1_Euclid_robust_noADR_kmeans_K2_run10_seed1210,R1-Euclid-robust-noADR,robust,kmeans,2,10,1210,,K_grid=2-8;M=10;max_iter=100;base_seed=1000,full_data,0.12803906571665005,15777.209141043819,2.4550134972300364,33,True,k-means baseline exploration
2026-06-05T14:55:27,R1_Euclid_robust_noADR_kmeans_K3_run1_seed1301,R1-Euclid-robust-noADR,robust,kmeans,3,1,1301,,K_grid=2-8;M=10;max_iter=100;base_seed=1000,full_data,0.14155267268266455,16362.43894636065,2.2103678548125347,20,True,k-means baseline exploration
2026-06-05T14:55:27,R1_Euclid_robust_noADR_kmeans_K3_run2_seed1302,R1-Euclid-robust-noADR,robust,kmeans,3,2,1302,,K_grid=2-8;M=10;max_iter=100;base_seed=1000,full_data,0.14153632192397173,16362.589678946468,2.210277145019688,22,True,k-means baseline exploration
2026-06-05T14:55:27,R1_Euclid_robust_noADR_kmeans_K3_run3_seed1303,R1-Euclid-robust-noADR,robust,kmeans,3,3,1303,,K_grid=2-8;M=10;max_iter=100;base_seed=1000,full_data,0.1328804121192954,15568.278673889832,2.277931465685246,31,True,k-means baseline exploration
2026-06-05T14:55:27,R1_Euclid_robust_noADR_kmeans_K3_run4_seed1304,R1-Euclid-robust-noADR,robust,kmeans,3,4,1304,,K_grid=2-8;M=10;max_iter=100;base_seed=1000,full_data,0.13296432692177215,15568.259548349277,2.277723264688627,24,True,k-means baseline exploration
2026-06-05T14:55:27,R1_Euclid_robust_noADR_kmeans_K3_run5_seed1305,R1-Euclid-robust-noADR,robust,kmeans,3,5,1305,,K_grid=2-8;M=10;max_iter=100;base_seed=1000,full_data,0.14154389681225055,16362.43906054047,2.210427383882553,19,True,k-means baseline exploration
2026-06-05T14:55:27,R1_Euclid_robust_noADR_kmeans_K3_run6_seed1306,R1-Euclid-robust-noADR,robust,kmeans,3,6,1306,,K_grid=2-8;M=10;max_iter=100;base_seed=1000,full_data,0.14151112140388983,16362.607633611622,2.2102503928912913,27,True,k-means baseline exploration
2026-06-05T14:55:27,R1_Euclid_robust_noADR_kmeans_K3_run7_seed1307,R1-Euclid-robust-noADR,robust,kmeans,3,7,1307,,K_grid=2-8;M=10;max_iter=100;base_seed=1000,full_data,0.1415351279899413,16362.439719980823,2.2104986721987063,24,True,k-means baseline exploration
2026-06-05T14:55:27,R1_Euclid_robust_noADR_kmeans_K3_run8_seed1308,R1-Euclid-robust-noADR,robust,kmeans,3,8,1308,,K_grid=2-8;M=10;max_iter=100;base_seed=1000,full_data,0.14151371022962053,16362.588924965612,2.2100984605230214,22,True,k-means baseline exploration
2026-06-05T14:55:27,R1_Euclid_robust_noADR_kmeans_K3_run9_seed1309,R1-Euclid-robust-noADR,robust,kmeans,3,9,1309,,K_grid=2-8;M=10;max_iter=100;base_seed=1000,full_data,0.11184881873101234,14154.16132282039,2.5027664288369675,12,True,k-means baseline exploration
2026-06-05T14:55:27,R1_Euclid_robust_noADR_kmeans_K3_run10_seed1310,R1-Euclid-robust-noADR,robust,kmeans,3,10,1310,,K_grid=2-8;M=10;max_iter=100;base_seed=1000,full_data,0.14155478339633704,16362.438996033798,2.210346966290173,13,True,k-means baseline exploration
2026-06-05T14:55:27,R1_Euclid_robust_noADR_kmeans_K4_run1_seed1401,R1-Euclid-robust-noADR,robust,kmeans,4,1,1401,,K_grid=2-8;M=10;max_iter=100;base_seed=1000,full_data,0.1315765749279827,15704.659856357383,2.087618687346543,28,True,k-means baseline exploration
2026-06-05T14:55:27,R1_Euclid_robust_noADR_kmeans_K4_run2_seed1402,R1-Euclid-robust-noADR,robust,kmeans,4,2,1402,,K_grid=2-8;M=10;max_iter=100;base_seed=1000,full_data,0.13149624753273337,15704.623651488213,2.087069258562275,25,True,k-means baseline exploration
2026-06-05T14:55:27,R1_Euclid_robust_noADR_kmeans_K4_run3_seed1403,R1-Euclid-robust-noADR,robust,kmeans,4,3,1403,,K_grid=2-8;M=10;max_iter=100;base_seed=1000,full_data,0.13151766621041108,15704.621781311494,2.0870538829892817,23,True,k-means baseline exploration
2026-06-05T14:55:27,R1_Euclid_robust_noADR_kmeans_K4_run4_seed1404,R1-Euclid-robust-noADR,robust,kmeans,4,4,1404,,K_grid=2-8;M=10;max_iter=100;base_seed=1000,full_data,0.13149624753273337,15704.623651488213,2.087069258562275,29,True,k-means baseline exploration
2026-06-05T14:55:27,R1_Euclid_robust_noADR_kmeans_K4_run5_seed1405,R1-Euclid-robust-noADR,robust,kmeans,4,5,1405,,K_grid=2-8;M=10;max_iter=100;base_seed=1000,full_data,0.13163403969720003,15704.2849127309,2.0885873108895194,30,True,k-means baseline exploration
2026-06-05T14:55:27,R1_Euclid_robust_noADR_kmeans_K4_run6_seed1406,R1-Euclid-robust-noADR,robust,kmeans,4,6,1406,,K_grid=2-8;M=10;max_iter=100;base_seed=1000,full_data,0.13163403969720003,15704.2849127309,2.0885873108895194,28,True,k-means baseline exploration
2026-06-05T14:55:27,R1_Euclid_robust_noADR_kmeans_K4_run7_seed1407,R1-Euclid-robust-noADR,robust,kmeans,4,7,1407,,K_grid=2-8;M=10;max_iter=100;base_seed=1000,full_data,0.13163403969720003,15704.2849127309,2.0885873108895194,36,True,k-means baseline exploration
2026-06-05T14:55:27,R1_Euclid_robust_noADR_kmeans_K4_run8_seed1408,R1-Euclid-robust-noADR,robust,kmeans,4,8,1408,,K_grid=2-8;M=10;max_iter=100;base_seed=1000,full_data,0.1316318352698981,15704.284988719583,2.088594212628554,30,True,k-means baseline exploration
2026-06-05T14:55:27,R1_Euclid_robust_noADR_kmeans_K4_run9_seed1409,R1-Euclid-robust-noADR,robust,kmeans,4,9,1409,,K_grid=2-8;M=10;max_iter=100;base_seed=1000,full_data,0.135550174570859,14953.004176974293,2.131444478808069,24,True,k-means baseline exploration
2026-06-05T14:55:27,R1_Euclid_robust_noADR_kmeans_K4_run10_seed1410,R1-Euclid-robust-noADR,robust,kmeans,4,10,1410,,K_grid=2-8;M=10;max_iter=100;base_seed=1000,full_data,0.13163403969720003,15704.2849127309,2.0885873108895194,53,True,k-means baseline exploration
2026-06-05T14:55:27,R1_Euclid_robust_noADR_kmeans_K5_run1_seed1501,R1-Euclid-robust-noADR,robust,kmeans,5,1,1501,,K_grid=2-8;M=10;max_iter=100;base_seed=1000,full_data,0.1589489488657829,14809.355732348164,1.91455154111318,19,True,k-means baseline exploration
2026-06-05T14:55:27,R1_Euclid_robust_noADR_kmeans_K5_run2_seed1502,R1-Euclid-robust-noADR,robust,kmeans,5,2,1502,,K_grid=2-8;M=10;max_iter=100;base_seed=1000,full_data,0.13683068560961476,13595.913677864895,2.1437376256953233,16,True,k-means baseline exploration
2026-06-05T14:55:27,R1_Euclid_robust_noADR_kmeans_K5_run3_seed1503,R1-Euclid-robust-noADR,robust,kmeans,5,3,1503,,K_grid=2-8;M=10;max_iter=100;base_seed=1000,full_data,0.15894569734122613,14809.356134782402,1.9145780297991681,20,True,k-means baseline exploration
2026-06-05T14:55:27,R1_Euclid_robust_noADR_kmeans_K5_run4_seed1504,R1-Euclid-robust-noADR,robust,kmeans,5,4,1504,,K_grid=2-8;M=10;max_iter=100;base_seed=1000,full_data,0.1341975084725458,13459.610894867948,2.048013908370552,38,True,k-means baseline exploration
2026-06-05T14:55:27,R1_Euclid_robust_noADR_kmeans_K5_run5_seed1505,R1-Euclid-robust-noADR,robust,kmeans,5,5,1505,,K_grid=2-8;M=10;max_iter=100;base_seed=1000,full_data,0.13315620264559336,13672.11312394435,2.1124415165889294,25,True,k-means baseline exploration
2026-06-05T14:55:27,R1_Euclid_robust_noADR_kmeans_K5_run6_seed1506,R1-Euclid-robust-noADR,robust,kmeans,5,6,1506,,K_grid=2-8;M=10;max_iter=100;base_seed=1000,full_data,0.12495154186017887,13588.179002786304,2.0476675847954438,37,True,k-means baseline exploration
2026-06-05T14:55:27,R1_Euclid_robust_noADR_kmeans_K5_run7_seed1507,R1-Euclid-robust-noADR,robust,kmeans,5,7,1507,,K_grid=2-8;M=10;max_iter=100;base_seed=1000,full_data,0.13047947822675568,13116.151571916645,2.1459210044665036,31,True,k-means baseline exploration
2026-06-05T14:55:27,R1_Euclid_robust_noADR_kmeans_K5_run8_seed1508,R1-Euclid-robust-noADR,robust,kmeans,5,8,1508,,K_grid=2-8;M=10;max_iter=100;base_seed=1000,full_data,0.15892410919379793,14809.349191289824,1.914447330490041,19,True,k-means baseline exploration
2026-06-05T14:55:27,R1_Euclid_robust_noADR_kmeans_K5_run9_seed1509,R1-Euclid-robust-noADR,robust,kmeans,5,9,1509,,K_grid=2-8;M=10;max_iter=100;base_seed=1000,full_data,0.14501389214561738,11384.20975413692,2.10327065862365,57,True,k-means baseline exploration
2026-06-05T14:55:27,R1_Euclid_robust_noADR_kmeans_K5_run10_seed1510,R1-Euclid-robust-noADR,robust,kmeans,5,10,1510,,K_grid=2-8;M=10;max_iter=100;base_seed=1000,full_data,0.15892526081327726,14809.349172823953,1.9144429377621655,22,True,k-means baseline exploration
2026-06-05T14:55:27,R1_Euclid_robust_noADR_kmeans_K6_run1_seed1601,R1-Euclid-robust-noADR,robust,kmeans,6,1,1601,,K_grid=2-8;M=10;max_iter=100;base_seed=1000,full_data,0.1294039448358616,11912.988764248144,2.0813356001509953,35,True,k-means baseline exploration
2026-06-05T14:55:27,R1_Euclid_robust_noADR_kmeans_K6_run2_seed1602,R1-Euclid-robust-noADR,robust,kmeans,6,2,1602,,K_grid=2-8;M=10;max_iter=100;base_seed=1000,full_data,0.1398514128550919,12676.102668381429,2.021366129596301,16,True,k-means baseline exploration
2026-06-05T14:55:27,R1_Euclid_robust_noADR_kmeans_K6_run3_seed1603,R1-Euclid-robust-noADR,robust,kmeans,6,3,1603,,K_grid=2-8;M=10;max_iter=100;base_seed=1000,full_data,0.1256092045986565,12497.96662616083,2.214460909957562,22,True,k-means baseline exploration
2026-06-05T14:55:27,R1_Euclid_robust_noADR_kmeans_K6_run4_seed1604,R1-Euclid-robust-noADR,robust,kmeans,6,4,1604,,K_grid=2-8;M=10;max_iter=100;base_seed=1000,full_data,0.15834863532956472,13523.41499624545,1.959460745952848,37,True,k-means baseline exploration
2026-06-05T14:55:27,R1_Euclid_robust_noADR_kmeans_K6_run5_seed1605,R1-Euclid-robust-noADR,robust,kmeans,6,5,1605,,K_grid=2-8;M=10;max_iter=100;base_seed=1000,full_data,0.14124683608389527,13503.434110849872,2.0238102466443006,38,True,k-means baseline exploration
2026-06-05T14:55:27,R1_Euclid_robust_noADR_kmeans_K6_run6_seed1606,R1-Euclid-robust-noADR,robust,kmeans,6,6,1606,,K_grid=2-8;M=10;max_iter=100;base_seed=1000,full_data,0.12812754352083533,12183.202834029173,2.031304919832852,28,True,k-means baseline exploration
2026-06-05T14:55:27,R1_Euclid_robust_noADR_kmeans_K6_run7_seed1607,R1-Euclid-robust-noADR,robust,kmeans,6,7,1607,,K_grid=2-8;M=10;max_iter=100;base_seed=1000,full_data,0.13966108695388607,13506.410776428162,2.0303525191799516,40,True,k-means baseline exploration
2026-06-05T14:55:27,R1_Euclid_robust_noADR_kmeans_K6_run8_seed1608,R1-Euclid-robust-noADR,robust,kmeans,6,8,1608,,K_grid=2-8;M=10;max_iter=100;base_seed=1000,full_data,0.15004129194246033,12988.551932007633,2.1483253873052788,43,True,k-means baseline exploration
2026-06-05T14:55:27,R1_Euclid_robust_noADR_kmeans_K6_run9_seed1609,R1-Euclid-robust-noADR,robust,kmeans,6,9,1609,,K_grid=2-8;M=10;max_iter=100;base_seed=1000,full_data,0.15018111755313457,13461.916018659693,1.9285717389002386,71,True,k-means baseline exploration
2026-06-05T14:55:27,R1_Euclid_robust_noADR_kmeans_K6_run10_seed1610,R1-Euclid-robust-noADR,robust,kmeans,6,10,1610,,K_grid=2-8;M=10;max_iter=100;base_seed=1000,full_data,0.15988190327707805,12939.631928049364,1.9858334941767577,23,True,k-means baseline exploration
2026-06-05T14:55:27,R1_Euclid_robust_noADR_kmeans_K7_run1_seed1701,R1-Euclid-robust-noADR,robust,kmeans,7,1,1701,,K_grid=2-8;M=10;max_iter=100;base_seed=1000,full_data,0.13556142657138168,11891.311740149999,1.9358895278889428,27,True,k-means baseline exploration
2026-06-05T14:55:27,R1_Euclid_robust_noADR_kmeans_K7_run2_seed1702,R1-Euclid-robust-noADR,robust,kmeans,7,2,1702,,K_grid=2-8;M=10;max_iter=100;base_seed=1000,full_data,0.13029052970595392,11994.81973352189,2.009045631458918,20,True,k-means baseline exploration
2026-06-05T14:55:27,R1_Euclid_robust_noADR_kmeans_K7_run3_seed1703,R1-Euclid-robust-noADR,robust,kmeans,7,3,1703,,K_grid=2-8;M=10;max_iter=100;base_seed=1000,full_data,0.12413200244731708,11147.926551058647,2.1046344193414934,30,True,k-means baseline exploration
2026-06-05T14:55:27,R1_Euclid_robust_noADR_kmeans_K7_run4_seed1704,R1-Euclid-robust-noADR,robust,kmeans,7,4,1704,,K_grid=2-8;M=10;max_iter=100;base_seed=1000,full_data,0.15899771733725254,11778.245964093547,2.104780199597052,31,True,k-means baseline exploration
2026-06-05T14:55:27,R1_Euclid_robust_noADR_kmeans_K7_run5_seed1705,R1-Euclid-robust-noADR,robust,kmeans,7,5,1705,,K_grid=2-8;M=10;max_iter=100;base_seed=1000,full_data,0.1332380947408538,10703.685230686124,2.2223900266797263,37,True,k-means baseline exploration
2026-06-05T14:55:27,R1_Euclid_robust_noADR_kmeans_K7_run6_seed1706,R1-Euclid-robust-noADR,robust,kmeans,7,6,1706,,K_grid=2-8;M=10;max_iter=100;base_seed=1000,full_data,0.08581501414568396,10349.050845605467,2.41688891558627,41,True,k-means baseline exploration
2026-06-05T14:55:27,R1_Euclid_robust_noADR_kmeans_K7_run7_seed1707,R1-Euclid-robust-noADR,robust,kmeans,7,7,1707,,K_grid=2-8;M=10;max_iter=100;base_seed=1000,full_data,0.15832302148756483,12069.633061386958,2.0202419377073046,41,True,k-means baseline exploration
2026-06-05T14:55:27,R1_Euclid_robust_noADR_kmeans_K7_run8_seed1708,R1-Euclid-robust-noADR,robust,kmeans,7,8,1708,,K_grid=2-8;M=10;max_iter=100;base_seed=1000,full_data,0.1419603131733083,12059.531926256097,2.1113605057653624,55,True,k-means baseline exploration
2026-06-05T14:55:27,R1_Euclid_robust_noADR_kmeans_K7_run9_seed1709,R1-Euclid-robust-noADR,robust,kmeans,7,9,1709,,K_grid=2-8;M=10;max_iter=100;base_seed=1000,full_data,0.14368302651446813,12433.676069105954,1.9115368848475653,33,True,k-means baseline exploration
2026-06-05T14:55:27,R1_Euclid_robust_noADR_kmeans_K7_run10_seed1710,R1-Euclid-robust-noADR,robust,kmeans,7,10,1710,,K_grid=2-8;M=10;max_iter=100;base_seed=1000,full_data,0.11018481989298587,12080.40706279574,2.2306225136023063,24,True,k-means baseline exploration
2026-06-05T14:55:27,R1_Euclid_robust_noADR_kmeans_K8_run1_seed1801,R1-Euclid-robust-noADR,robust,kmeans,8,1,1801,,K_grid=2-8;M=10;max_iter=100;base_seed=1000,full_data,0.14045560180591926,10970.961610787808,2.1807672661758444,37,True,k-means baseline exploration
2026-06-05T14:55:27,R1_Euclid_robust_noADR_kmeans_K8_run2_seed1802,R1-Euclid-robust-noADR,robust,kmeans,8,2,1802,,K_grid=2-8;M=10;max_iter=100;base_seed=1000,full_data,0.15202955839741317,11038.949374489865,1.953524659846925,64,True,k-means baseline exploration
2026-06-05T14:55:27,R1_Euclid_robust_noADR_kmeans_K8_run3_seed1803,R1-Euclid-robust-noADR,robust,kmeans,8,3,1803,,K_grid=2-8;M=10;max_iter=100;base_seed=1000,full_data,0.13792125344667322,11265.530294772072,2.010829673952199,32,True,k-means baseline exploration
2026-06-05T14:55:27,R1_Euclid_robust_noADR_kmeans_K8_run4_seed1804,R1-Euclid-robust-noADR,robust,kmeans,8,4,1804,,K_grid=2-8;M=10;max_iter=100;base_seed=1000,full_data,0.11747029946169951,11530.755317802394,2.08879002328061,16,True,k-means baseline exploration
2026-06-05T14:55:27,R1_Euclid_robust_noADR_kmeans_K8_run5_seed1805,R1-Euclid-robust-noADR,robust,kmeans,8,5,1805,,K_grid=2-8;M=10;max_iter=100;base_seed=1000,full_data,0.11023953771344228,11358.532081302219,2.112040056093986,17,True,k-means baseline exploration
2026-06-05T14:55:27,R1_Euclid_robust_noADR_kmeans_K8_run6_seed1806,R1-Euclid-robust-noADR,robust,kmeans,8,6,1806,,K_grid=2-8;M=10;max_iter=100;base_seed=1000,full_data,0.1466818619645445,11462.834521288816,2.011127325630634,36,True,k-means baseline exploration
2026-06-05T14:55:27,R1_Euclid_robust_noADR_kmeans_K8_run7_seed1807,R1-Euclid-robust-noADR,robust,kmeans,8,7,1807,,K_grid=2-8;M=10;max_iter=100;base_seed=1000,full_data,0.11286482219933777,11070.511281142437,2.271283803358844,25,True,k-means baseline exploration
2026-06-05T14:55:27,R1_Euclid_robust_noADR_kmeans_K8_run8_seed1808,R1-Euclid-robust-noADR,robust,kmeans,8,8,1808,,K_grid=2-8;M=10;max_iter=100;base_seed=1000,full_data,0.13657131169120065,11213.568940996145,1.9870773576433065,40,True,k-means baseline exploration
2026-06-05T14:55:27,R1_Euclid_robust_noADR_kmeans_K8_run9_seed1809,R1-Euclid-robust-noADR,robust,kmeans,8,9,1809,,K_grid=2-8;M=10;max_iter=100;base_seed=1000,full_data,0.1478481397845199,11105.191719399974,1.9341942768642837,42,True,k-means baseline exploration
2026-06-05T14:55:27,R1_Euclid_robust_noADR_kmeans_K8_run10_seed1810,R1-Euclid-robust-noADR,robust,kmeans,8,10,1810,,K_grid=2-8;M=10;max_iter=100;base_seed=1000,full_data,0.1302093679057482,10991.393392051219,2.0115893438637973,20,True,k-means baseline exploration
2026-06-05T15:11:30,R1_Euclid_robust_noADR_ikmeans_K9_minSize1000,R1-Euclid-robust-noADR,robust,ikmeans,9,,,1000,"min_cluster_size_grid=[1000,1500,2000,3000,5000,8000,9000,11000];max_iter_ap=10000;max_iter_kmeans=300;tol=1e-12;use_unit_ranges=True",full_data,0.13475305104049712,10485.155370932329,1.8770835631368028,12,True,iK-means exploration
2026-06-05T15:11:30,R1_Euclid_robust_noADR_ikmeans_K9_minSize1500,R1-Euclid-robust-noADR,robust,ikmeans,9,,,1500,"min_cluster_size_grid=[1000,1500,2000,3000,5000,8000,9000,11000];max_iter_ap=10000;max_iter_kmeans=300;tol=1e-12;use_unit_ranges=True",full_data,0.13475305104049712,10485.155370932329,1.8770835631368028,12,True,iK-means exploration
2026-06-05T15:11:30,R1_Euclid_robust_noADR_ikmeans_K9_minSize2000,R1-Euclid-robust-noADR,robust,ikmeans,9,,,2000,"min_cluster_size_grid=[1000,1500,2000,3000,5000,8000,9000,11000];max_iter_ap=10000;max_iter_kmeans=300;tol=1e-12;use_unit_ranges=True",full_data,0.13475305104049712,10485.155370932329,1.8770835631368028,12,True,iK-means exploration
2026-06-05T15:11:30,R1_Euclid_robust_noADR_ikmeans_K9_minSize3000,R1-Euclid-robust-noADR,robust,ikmeans,9,,,3000,"min_cluster_size_grid=[1000,1500,2000,3000,5000,8000,9000,11000];max_iter_ap=10000;max_iter_kmeans=300;tol=1e-12;use_unit_ranges=True",full_data,0.13475305104049712,10485.155370932329,1.8770835631368028,12,True,iK-means exploration
2026-06-05T15:11:30,R1_Euclid_robust_noADR_ikmeans_K6_minSize5000,R1-Euclid-robust-noADR,robust,ikmeans,6,,,5000,"min_cluster_size_grid=[1000,1500,2000,3000,5000,8000,9000,11000];max_iter_ap=10000;max_iter_kmeans=300;tol=1e-12;use_unit_ranges=True",full_data,0.13554276108141794,12425.94986917908,2.123793524244974,24,True,iK-means exploration
2026-06-05T15:11:30,R1_Euclid_robust_noADR_ikmeans_K4_minSize8000,R1-Euclid-robust-noADR,robust,ikmeans,4,,,8000,"min_cluster_size_grid=[1000,1500,2000,3000,5000,8000,9000,11000];max_iter_ap=10000;max_iter_kmeans=300;tol=1e-12;use_unit_ranges=True",full_data,0.13163403969720003,15704.284912730902,2.0885873108895194,23,True,iK-means exploration
2026-06-05T15:11:30,R1_Euclid_robust_noADR_ikmeans_K4_minSize9000,R1-Euclid-robust-noADR,robust,ikmeans,4,,,9000,"min_cluster_size_grid=[1000,1500,2000,3000,5000,8000,9000,11000];max_iter_ap=10000;max_iter_kmeans=300;tol=1e-12;use_unit_ranges=True",full_data,0.13163403969720003,15704.284912730902,2.0885873108895194,23,True,iK-means exploration
2026-06-05T15:11:30,R1_Euclid_robust_noADR_ikmeans_K4_minSize11000,R1-Euclid-robust-noADR,robust,ikmeans,4,,,11000,"min_cluster_size_grid=[1000,1500,2000,3000,5000,8000,9000,11000];max_iter_ap=10000;max_iter_kmeans=300;tol=1e-12;use_unit_ranges=True",full_data,0.13163403969720003,15704.284912730902,2.0885873108895194,23,True,iK-means exploration
2026-06-05T17:28:56,R1_Euclid_robust_noADR_gmm_K2_covdiag_run1_seed3201,R1-Euclid-robust-noADR,robust,gmm,2,1,3201,,K_grid=2..8;covariance_type=diag;M=5;max_iter=300;tol=1e-3;reg_covar=1e-6;base_seed=3000;n_init=1,full_data,0.10921903698022847,11504.515325416985,2.95466656503152,6,True,GMM/EM alternative family; AIC/BIC and membership diagnostics are stored in the GMM-specific result tables.
2026-06-05T17:28:56,R1_Euclid_robust_noADR_gmm_K2_covdiag_run2_seed3202,R1-Euclid-robust-noADR,robust,gmm,2,2,3202,,K_grid=2..8;covariance_type=diag;M=5;max_iter=300;tol=1e-3;reg_covar=1e-6;base_seed=3000;n_init=1,full_data,0.10921903698022847,11504.515325416985,2.95466656503152,6,True,GMM/EM alternative family; AIC/BIC and membership diagnostics are stored in the GMM-specific result tables.
2026-06-05T17:28:56,R1_Euclid_robust_noADR_gmm_K2_covdiag_run3_seed3203,R1-Euclid-robust-noADR,robust,gmm,2,3,3203,,K_grid=2..8;covariance_type=diag;M=5;max_iter=300;tol=1e-3;reg_covar=1e-6;base_seed=3000;n_init=1,full_data,0.09216066808561146,5454.1564060138535,4.0449960146439645,6,True,GMM/EM alternative family; AIC/BIC and membership diagnostics are stored in the GMM-specific result tables.
2026-06-05T17:28:56,R1_Euclid_robust_noADR_gmm_K2_covdiag_run4_seed3204,R1-Euclid-robust-noADR,robust,gmm,2,4,3204,,K_grid=2..8;covariance_type=diag;M=5;max_iter=300;tol=1e-3;reg_covar=1e-6;base_seed=3000;n_init=1,full_data,0.09216066808561146,5454.1564060138535,4.0449960146439645,6,True,GMM/EM alternative family; AIC/BIC and membership diagnostics are stored in the GMM-specific result tables.
2026-06-05T17:28:56,R1_Euclid_robust_noADR_gmm_K2_covdiag_run5_seed3205,R1-Euclid-robust-noADR,robust,gmm,2,5,3205,,K_grid=2..8;covariance_type=diag;M=5;max_iter=300;tol=1e-3;reg_covar=1e-6;base_seed=3000;n_init=1,full_data,0.1021205555032289,11330.753088739024,3.087100004500913,4,True,GMM/EM alternative family; AIC/BIC and membership diagnostics are stored in the GMM-specific result tables.
2026-06-05T17:28:56,R1_Euclid_robust_noADR_gmm_K3_covdiag_run1_seed3301,R1-Euclid-robust-noADR,robust,gmm,3,1,3301,,K_grid=2..8;covariance_type=diag;M=5;max_iter=300;tol=1e-3;reg_covar=1e-6;base_seed=3000;n_init=1,full_data,0.07784079114692084,6476.992352234889,3.354351349332628,12,True,GMM/EM alternative family; AIC/BIC and membership diagnostics are stored in the GMM-specific result tables.
2026-06-05T17:28:56,R1_Euclid_robust_noADR_gmm_K3_covdiag_run2_seed3302,R1-Euclid-robust-noADR,robust,gmm,3,2,3302,,K_grid=2..8;covariance_type=diag;M=5;max_iter=300;tol=1e-3;reg_covar=1e-6;base_seed=3000;n_init=1,full_data,0.07784079114692084,6476.992352234889,3.354351349332628,12,True,GMM/EM alternative family; AIC/BIC and membership diagnostics are stored in the GMM-specific result tables.
2026-06-05T17:28:56,R1_Euclid_robust_noADR_gmm_K3_covdiag_run3_seed3303,R1-Euclid-robust-noADR,robust,gmm,3,3,3303,,K_grid=2..8;covariance_type=diag;M=5;max_iter=300;tol=1e-3;reg_covar=1e-6;base_seed=3000;n_init=1,full_data,0.08200861306267504,6702.186099011129,2.9411014476134825,13,True,GMM/EM alternative family; AIC/BIC and membership diagnostics are stored in the GMM-specific result tables.
2026-06-05T17:28:56,R1_Euclid_robust_noADR_gmm_K3_covdiag_run4_seed3304,R1-Euclid-robust-noADR,robust,gmm,3,4,3304,,K_grid=2..8;covariance_type=diag;M=5;max_iter=300;tol=1e-3;reg_covar=1e-6;base_seed=3000;n_init=1,full_data,0.11126524049726565,8413.205611239871,3.474943852172787,12,True,GMM/EM alternative family; AIC/BIC and membership diagnostics are stored in the GMM-specific result tables.
2026-06-05T17:28:56,R1_Euclid_robust_noADR_gmm_K3_covdiag_run5_seed3305,R1-Euclid-robust-noADR,robust,gmm,3,5,3305,,K_grid=2..8;covariance_type=diag;M=5;max_iter=300;tol=1e-3;reg_covar=1e-6;base_seed=3000;n_init=1,full_data,0.07784079114692084,6476.992352234889,3.354351349332628,12,True,GMM/EM alternative family; AIC/BIC and membership diagnostics are stored in the GMM-specific result tables.
2026-06-05T17:28:56,R1_Euclid_robust_noADR_gmm_K4_covdiag_run1_seed3401,R1-Euclid-robust-noADR,robust,gmm,4,1,3401,,K_grid=2..8;covariance_type=diag;M=5;max_iter=300;tol=1e-3;reg_covar=1e-6;base_seed=3000;n_init=1,full_data,0.11961650832408127,7655.555699324381,3.134454027252459,7,True,GMM/EM alternative family; AIC/BIC and membership diagnostics are stored in the GMM-specific result tables.
2026-06-05T17:28:56,R1_Euclid_robust_noADR_gmm_K4_covdiag_run2_seed3402,R1-Euclid-robust-noADR,robust,gmm,4,2,3402,,K_grid=2..8;covariance_type=diag;M=5;max_iter=300;tol=1e-3;reg_covar=1e-6;base_seed=3000;n_init=1,full_data,0.12240779699459663,8413.630821160967,2.77093798256851,8,True,GMM/EM alternative family; AIC/BIC and membership diagnostics are stored in the GMM-specific result tables.
2026-06-05T17:28:56,R1_Euclid_robust_noADR_gmm_K4_covdiag_run3_seed3403,R1-Euclid-robust-noADR,robust,gmm,4,3,3403,,K_grid=2..8;covariance_type=diag;M=5;max_iter=300;tol=1e-3;reg_covar=1e-6;base_seed=3000;n_init=1,full_data,0.12240779699459663,8413.630821160967,2.77093798256851,8,True,GMM/EM alternative family; AIC/BIC and membership diagnostics are stored in the GMM-specific result tables.
2026-06-05T17:28:56,R1_Euclid_robust_noADR_gmm_K4_covdiag_run4_seed3404,R1-Euclid-robust-noADR,robust,gmm,4,4,3404,,K_grid=2..8;covariance_type=diag;M=5;max_iter=300;tol=1e-3;reg_covar=1e-6;base_seed=3000;n_init=1,full_data,0.09567877714395087,5620.623294144606,3.6658902761487413,13,True,GMM/EM alternative family; AIC/BIC and membership diagnostics are stored in the GMM-specific result tables.
2026-06-05T17:28:56,R1_Euclid_robust_noADR_gmm_K4_covdiag_run5_seed3405,R1-Euclid-robust-noADR,robust,gmm,4,5,3405,,K_grid=2..8;covariance_type=diag;M=5;max_iter=300;tol=1e-3;reg_covar=1e-6;base_seed=3000;n_init=1,full_data,0.12240779699459663,8413.630821160968,2.77093798256851,8,True,GMM/EM alternative family; AIC/BIC and membership diagnostics are stored in the GMM-specific result tables.
2026-06-05T17:28:56,R1_Euclid_robust_noADR_gmm_K5_covdiag_run1_seed3501,R1-Euclid-robust-noADR,robust,gmm,5,1,3501,,K_grid=2..8;covariance_type=diag;M=5;max_iter=300;tol=1e-3;reg_covar=1e-6;base_seed=3000;n_init=1,full_data,0.12641693416278169,7702.723697348041,2.9261431877530546,14,True,GMM/EM alternative family; AIC/BIC and membership diagnostics are stored in the GMM-specific result tables.
2026-06-05T17:28:56,R1_Euclid_robust_noADR_gmm_K5_covdiag_run2_seed3502,R1-Euclid-robust-noADR,robust,gmm,5,2,3502,,K_grid=2..8;covariance_type=diag;M=5;max_iter=300;tol=1e-3;reg_covar=1e-6;base_seed=3000;n_init=1,full_data,0.13066871702419738,7403.410177827089,3.4213926612283374,17,True,GMM/EM alternative family; AIC/BIC and membership diagnostics are stored in the GMM-specific result tables.
2026-06-05T17:28:56,R1_Euclid_robust_noADR_gmm_K5_covdiag_run3_seed3503,R1-Euclid-robust-noADR,robust,gmm,5,3,3503,,K_grid=2..8;covariance_type=diag;M=5;max_iter=300;tol=1e-3;reg_covar=1e-6;base_seed=3000;n_init=1,full_data,0.10091971817225066,7041.630584149941,3.083029550964479,17,True,GMM/EM alternative family; AIC/BIC and membership diagnostics are stored in the GMM-specific result tables.
2026-06-05T17:28:56,R1_Euclid_robust_noADR_gmm_K5_covdiag_run4_seed3504,R1-Euclid-robust-noADR,robust,gmm,5,4,3504,,K_grid=2..8;covariance_type=diag;M=5;max_iter=300;tol=1e-3;reg_covar=1e-6;base_seed=3000;n_init=1,full_data,0.10060680975685857,7827.737061612217,2.812838102589682,13,True,GMM/EM alternative family; AIC/BIC and membership diagnostics are stored in the GMM-specific result tables.
2026-06-05T17:28:56,R1_Euclid_robust_noADR_gmm_K5_covdiag_run5_seed3505,R1-Euclid-robust-noADR,robust,gmm,5,5,3505,,K_grid=2..8;covariance_type=diag;M=5;max_iter=300;tol=1e-3;reg_covar=1e-6;base_seed=3000;n_init=1,full_data,0.10091971817225066,7041.630584149941,3.083029550964479,17,True,GMM/EM alternative family; AIC/BIC and membership diagnostics are stored in the GMM-specific result tables.
2026-06-05T17:28:56,R1_Euclid_robust_noADR_gmm_K6_covdiag_run1_seed3601,R1-Euclid-robust-noADR,robust,gmm,6,1,3601,,K_grid=2..8;covariance_type=diag;M=5;max_iter=300;tol=1e-3;reg_covar=1e-6;base_seed=3000;n_init=1,full_data,0.0986634338085101,6975.265692131518,2.3559135886493587,9,True,GMM/EM alternative family; AIC/BIC and membership diagnostics are stored in the GMM-specific result tables.
2026-06-05T17:28:56,R1_Euclid_robust_noADR_gmm_K6_covdiag_run2_seed3602,R1-Euclid-robust-noADR,robust,gmm,6,2,3602,,K_grid=2..8;covariance_type=diag;M=5;max_iter=300;tol=1e-3;reg_covar=1e-6;base_seed=3000;n_init=1,full_data,0.12181592113605037,7083.838246194562,3.5262259105341975,14,True,GMM/EM alternative family; AIC/BIC and membership diagnostics are stored in the GMM-specific result tables.
2026-06-05T17:28:56,R1_Euclid_robust_noADR_gmm_K6_covdiag_run3_seed3603,R1-Euclid-robust-noADR,robust,gmm,6,3,3603,,K_grid=2..8;covariance_type=diag;M=5;max_iter=300;tol=1e-3;reg_covar=1e-6;base_seed=3000;n_init=1,full_data,0.11388672954402762,5889.725424910007,3.9019554821328017,9,True,GMM/EM alternative family; AIC/BIC and membership diagnostics are stored in the GMM-specific result tables.
2026-06-05T17:28:56,R1_Euclid_robust_noADR_gmm_K6_covdiag_run4_seed3604,R1-Euclid-robust-noADR,robust,gmm,6,4,3604,,K_grid=2..8;covariance_type=diag;M=5;max_iter=300;tol=1e-3;reg_covar=1e-6;base_seed=3000;n_init=1,full_data,0.15682880515574443,8108.100107232377,3.294241995191312,10,True,GMM/EM alternative family; AIC/BIC and membership diagnostics are stored in the GMM-specific result tables.
2026-06-05T17:28:56,R1_Euclid_robust_noADR_gmm_K6_covdiag_run5_seed3605,R1-Euclid-robust-noADR,robust,gmm,6,5,3605,,K_grid=2..8;covariance_type=diag;M=5;max_iter=300;tol=1e-3;reg_covar=1e-6;base_seed=3000;n_init=1,full_data,0.14297373902280344,8051.923410888044,2.690334265859972,7,True,GMM/EM alternative family; AIC/BIC and membership diagnostics are stored in the GMM-specific result tables.
2026-06-05T17:28:56,R1_Euclid_robust_noADR_gmm_K7_covdiag_run1_seed3701,R1-Euclid-robust-noADR,robust,gmm,7,1,3701,,K_grid=2..8;covariance_type=diag;M=5;max_iter=300;tol=1e-3;reg_covar=1e-6;base_seed=3000;n_init=1,full_data,0.14933240225487837,9104.487564873056,2.2866080434577967,8,True,GMM/EM alternative family; AIC/BIC and membership diagnostics are stored in the GMM-specific result tables.
2026-06-05T17:28:56,R1_Euclid_robust_noADR_gmm_K7_covdiag_run2_seed3702,R1-Euclid-robust-noADR,robust,gmm,7,2,3702,,K_grid=2..8;covariance_type=diag;M=5;max_iter=300;tol=1e-3;reg_covar=1e-6;base_seed=3000;n_init=1,full_data,0.15371816030729832,7787.988854166371,3.219374103486063,11,True,GMM/EM alternative family; AIC/BIC and membership diagnostics are stored in the GMM-specific result tables.
2026-06-05T17:28:56,R1_Euclid_robust_noADR_gmm_K7_covdiag_run3_seed3703,R1-Euclid-robust-noADR,robust,gmm,7,3,3703,,K_grid=2..8;covariance_type=diag;M=5;max_iter=300;tol=1e-3;reg_covar=1e-6;base_seed=3000;n_init=1,full_data,0.15708111971552163,7128.743314861593,3.1736650546955474,11,True,GMM/EM alternative family; AIC/BIC and membership diagnostics are stored in the GMM-specific result tables.
2026-06-05T17:28:56,R1_Euclid_robust_noADR_gmm_K7_covdiag_run4_seed3704,R1-Euclid-robust-noADR,robust,gmm,7,4,3704,,K_grid=2..8;covariance_type=diag;M=5;max_iter=300;tol=1e-3;reg_covar=1e-6;base_seed=3000;n_init=1,full_data,0.14179736961798745,6945.104489724241,3.235844351267274,9,True,GMM/EM alternative family; AIC/BIC and membership diagnostics are stored in the GMM-specific result tables.
2026-06-05T17:28:56,R1_Euclid_robust_noADR_gmm_K7_covdiag_run5_seed3705,R1-Euclid-robust-noADR,robust,gmm,7,5,3705,,K_grid=2..8;covariance_type=diag;M=5;max_iter=300;tol=1e-3;reg_covar=1e-6;base_seed=3000;n_init=1,full_data,0.10041312471149426,6410.946411250152,3.3909659471077025,10,True,GMM/EM alternative family; AIC/BIC and membership diagnostics are stored in the GMM-specific result tables.
2026-06-05T17:28:56,R1_Euclid_robust_noADR_gmm_K8_covdiag_run1_seed3801,R1-Euclid-robust-noADR,robust,gmm,8,1,3801,,K_grid=2..8;covariance_type=diag;M=5;max_iter=300;tol=1e-3;reg_covar=1e-6;base_seed=3000;n_init=1,full_data,0.1440645632834065,8073.632649713546,2.954645258971894,11,True,GMM/EM alternative family; AIC/BIC and membership diagnostics are stored in the GMM-specific result tables.
2026-06-05T17:28:56,R1_Euclid_robust_noADR_gmm_K8_covdiag_run2_seed3802,R1-Euclid-robust-noADR,robust,gmm,8,2,3802,,K_grid=2..8;covariance_type=diag;M=5;max_iter=300;tol=1e-3;reg_covar=1e-6;base_seed=3000;n_init=1,full_data,0.15204756498607036,7858.276348572445,2.9637212970639797,9,True,GMM/EM alternative family; AIC/BIC and membership diagnostics are stored in the GMM-specific result tables.
2026-06-05T17:28:56,R1_Euclid_robust_noADR_gmm_K8_covdiag_run3_seed3803,R1-Euclid-robust-noADR,robust,gmm,8,3,3803,,K_grid=2..8;covariance_type=diag;M=5;max_iter=300;tol=1e-3;reg_covar=1e-6;base_seed=3000;n_init=1,full_data,0.12789243735649342,7444.456419467525,3.2259298964317695,9,True,GMM/EM alternative family; AIC/BIC and membership diagnostics are stored in the GMM-specific result tables.
2026-06-05T17:28:56,R1_Euclid_robust_noADR_gmm_K8_covdiag_run4_seed3804,R1-Euclid-robust-noADR,robust,gmm,8,4,3804,,K_grid=2..8;covariance_type=diag;M=5;max_iter=300;tol=1e-3;reg_covar=1e-6;base_seed=3000;n_init=1,full_data,0.14995240580664862,6306.003053873531,3.1569207442864036,10,True,GMM/EM alternative family; AIC/BIC and membership diagnostics are stored in the GMM-specific result tables.
2026-06-05T17:28:56,R1_Euclid_robust_noADR_gmm_K8_covdiag_run5_seed3805,R1-Euclid-robust-noADR,robust,gmm,8,5,3805,,K_grid=2..8;covariance_type=diag;M=5;max_iter=300;tol=1e-3;reg_covar=1e-6;base_seed=3000;n_init=1,full_data,0.13844612501283626,7342.400235890512,3.4571721432003657,10,True,GMM/EM alternative family; AIC/BIC and membership diagnostics are stored in the GMM-specific result tables.
2026-06-05T17:28:56,R1_Euclid_robust_noADR_gmm_K2_covtied_run1_seed3201,R1-Euclid-robust-noADR,robust,gmm,2,1,3201,,K_grid=2..8;covariance_type=tied;M=5;max_iter=300;tol=1e-3;reg_covar=1e-6;base_seed=3000;n_init=1,full_data,0.1133427604405015,11925.860243011513,2.8448356136259076,4,True,GMM/EM alternative family; AIC/BIC and membership diagnostics are stored in the GMM-specific result tables.
2026-06-05T17:28:56,R1_Euclid_robust_noADR_gmm_K2_covtied_run2_seed3202,R1-Euclid-robust-noADR,robust,gmm,2,2,3202,,K_grid=2..8;covariance_type=tied;M=5;max_iter=300;tol=1e-3;reg_covar=1e-6;base_seed=3000;n_init=1,full_data,0.1133427604405015,11925.860243011513,2.8448356136259076,4,True,GMM/EM alternative family; AIC/BIC and membership diagnostics are stored in the GMM-specific result tables.
2026-06-05T17:28:56,R1_Euclid_robust_noADR_gmm_K2_covtied_run3_seed3203,R1-Euclid-robust-noADR,robust,gmm,2,3,3203,,K_grid=2..8;covariance_type=tied;M=5;max_iter=300;tol=1e-3;reg_covar=1e-6;base_seed=3000;n_init=1,full_data,0.17293367344944452,14327.40760953403,1.8599713330505216,7,True,GMM/EM alternative family; AIC/BIC and membership diagnostics are stored in the GMM-specific result tables.
2026-06-05T17:28:56,R1_Euclid_robust_noADR_gmm_K2_covtied_run4_seed3204,R1-Euclid-robust-noADR,robust,gmm,2,4,3204,,K_grid=2..8;covariance_type=tied;M=5;max_iter=300;tol=1e-3;reg_covar=1e-6;base_seed=3000;n_init=1,full_data,0.17365756700642793,14187.624261046209,1.8641652579059653,8,True,GMM/EM alternative family; AIC/BIC and membership diagnostics are stored in the GMM-specific result tables.
2026-06-05T17:28:56,R1_Euclid_robust_noADR_gmm_K2_covtied_run5_seed3205,R1-Euclid-robust-noADR,robust,gmm,2,5,3205,,K_grid=2..8;covariance_type=tied;M=5;max_iter=300;tol=1e-3;reg_covar=1e-6;base_seed=3000;n_init=1,full_data,0.10792200231143066,11749.05504913259,2.963395089738159,5,True,GMM/EM alternative family; AIC/BIC and membership diagnostics are stored in the GMM-specific result tables.
2026-06-05T17:28:56,R1_Euclid_robust_noADR_gmm_K3_covtied_run1_seed3301,R1-Euclid-robust-noADR,robust,gmm,3,1,3301,,K_grid=2..8;covariance_type=tied;M=5;max_iter=300;tol=1e-3;reg_covar=1e-6;base_seed=3000;n_init=1,full_data,0.12224628673884806,12388.911381635038,2.3603153759174056,9,True,GMM/EM alternative family; AIC/BIC and membership diagnostics are stored in the GMM-specific result tables.
2026-06-05T17:28:56,R1_Euclid_robust_noADR_gmm_K3_covtied_run2_seed3302,R1-Euclid-robust-noADR,robust,gmm,3,2,3302,,K_grid=2..8;covariance_type=tied;M=5;max_iter=300;tol=1e-3;reg_covar=1e-6;base_seed=3000;n_init=1,full_data,0.12224453171842424,12388.709156378705,2.3603066243826247,9,True,GMM/EM alternative family; AIC/BIC and membership diagnostics are stored in the GMM-specific result tables.
2026-06-05T17:28:56,R1_Euclid_robust_noADR_gmm_K3_covtied_run3_seed3303,R1-Euclid-robust-noADR,robust,gmm,3,3,3303,,K_grid=2..8;covariance_type=tied;M=5;max_iter=300;tol=1e-3;reg_covar=1e-6;base_seed=3000;n_init=1,full_data,0.12179146634228318,6516.0657617317565,2.6577659045415403,33,True,GMM/EM alternative family; AIC/BIC and membership diagnostics are stored in the GMM-specific result tables.
2026-06-05T17:28:56,R1_Euclid_robust_noADR_gmm_K3_covtied_run4_seed3304,R1-Euclid-robust-noADR,robust,gmm,3,4,3304,,K_grid=2..8;covariance_type=tied;M=5;max_iter=300;tol=1e-3;reg_covar=1e-6;base_seed=3000;n_init=1,full_data,0.09861168271580323,7043.930363232059,2.732200803750615,8,True,GMM/EM alternative family; AIC/BIC and membership diagnostics are stored in the GMM-specific result tables.
2026-06-05T17:28:56,R1_Euclid_robust_noADR_gmm_K3_covtied_run5_seed3305,R1-Euclid-robust-noADR,robust,gmm,3,5,3305,,K_grid=2..8;covariance_type=tied;M=5;max_iter=300;tol=1e-3;reg_covar=1e-6;base_seed=3000;n_init=1,full_data,0.12223799506129154,12387.046622434465,2.36030357828025,9,True,GMM/EM alternative family; AIC/BIC and membership diagnostics are stored in the GMM-specific result tables.
2026-06-05T17:28:56,R1_Euclid_robust_noADR_gmm_K4_covtied_run1_seed3401,R1-Euclid-robust-noADR,robust,gmm,4,1,3401,,K_grid=2..8;covariance_type=tied;M=5;max_iter=300;tol=1e-3;reg_covar=1e-6;base_seed=3000;n_init=1,full_data,0.11464423668670076,8270.684155003622,2.4088928965901677,9,True,GMM/EM alternative family; AIC/BIC and membership diagnostics are stored in the GMM-specific result tables.
2026-06-05T17:28:56,R1_Euclid_robust_noADR_gmm_K4_covtied_run2_seed3402,R1-Euclid-robust-noADR,robust,gmm,4,2,3402,,K_grid=2..8;covariance_type=tied;M=5;max_iter=300;tol=1e-3;reg_covar=1e-6;base_seed=3000;n_init=1,full_data,0.12454202396794843,9197.20939788755,2.3855398462899067,8,True,GMM/EM alternative family; AIC/BIC and membership diagnostics are stored in the GMM-specific result tables.
2026-06-05T17:28:56,R1_Euclid_robust_noADR_gmm_K4_covtied_run3_seed3403,R1-Euclid-robust-noADR,robust,gmm,4,3,3403,,K_grid=2..8;covariance_type=tied;M=5;max_iter=300;tol=1e-3;reg_covar=1e-6;base_seed=3000;n_init=1,full_data,0.12454202396794843,9197.20939788755,2.3855398462899067,8,True,GMM/EM alternative family; AIC/BIC and membership diagnostics are stored in the GMM-specific result tables.
2026-06-05T17:28:56,R1_Euclid_robust_noADR_gmm_K4_covtied_run4_seed3404,R1-Euclid-robust-noADR,robust,gmm,4,4,3404,,K_grid=2..8;covariance_type=tied;M=5;max_iter=300;tol=1e-3;reg_covar=1e-6;base_seed=3000;n_init=1,full_data,0.12960938709322292,8212.947880927353,2.4098122745283175,17,True,GMM/EM alternative family; AIC/BIC and membership diagnostics are stored in the GMM-specific result tables.
2026-06-05T17:28:56,R1_Euclid_robust_noADR_gmm_K4_covtied_run5_seed3405,R1-Euclid-robust-noADR,robust,gmm,4,5,3405,,K_grid=2..8;covariance_type=tied;M=5;max_iter=300;tol=1e-3;reg_covar=1e-6;base_seed=3000;n_init=1,full_data,0.12454202396794843,9197.209397887551,2.3855398462899067,8,True,GMM/EM alternative family; AIC/BIC and membership diagnostics are stored in the GMM-specific result tables.
2026-06-05T17:28:56,R1_Euclid_robust_noADR_gmm_K5_covtied_run1_seed3501,R1-Euclid-robust-noADR,robust,gmm,5,1,3501,,K_grid=2..8;covariance_type=tied;M=5;max_iter=300;tol=1e-3;reg_covar=1e-6;base_seed=3000;n_init=1,full_data,0.1543384108178738,10698.048302664292,2.2008167399265424,14,True,GMM/EM alternative family; AIC/BIC and membership diagnostics are stored in the GMM-specific result tables.
2026-06-05T17:28:56,R1_Euclid_robust_noADR_gmm_K5_covtied_run2_seed3502,R1-Euclid-robust-noADR,robust,gmm,5,2,3502,,K_grid=2..8;covariance_type=tied;M=5;max_iter=300;tol=1e-3;reg_covar=1e-6;base_seed=3000;n_init=1,full_data,0.13109647810204958,8116.5833656888035,2.310068894115216,7,True,GMM/EM alternative family; AIC/BIC and membership diagnostics are stored in the GMM-specific result tables.
2026-06-05T17:28:56,R1_Euclid_robust_noADR_gmm_K5_covtied_run3_seed3503,R1-Euclid-robust-noADR,robust,gmm,5,3,3503,,K_grid=2..8;covariance_type=tied;M=5;max_iter=300;tol=1e-3;reg_covar=1e-6;base_seed=3000;n_init=1,full_data,0.1233140214599069,8988.947059370867,2.3181758755649335,15,True,GMM/EM alternative family; AIC/BIC and membership diagnostics are stored in the GMM-specific result tables.
2026-06-05T17:28:56,R1_Euclid_robust_noADR_gmm_K5_covtied_run4_seed3504,R1-Euclid-robust-noADR,robust,gmm,5,4,3504,,K_grid=2..8;covariance_type=tied;M=5;max_iter=300;tol=1e-3;reg_covar=1e-6;base_seed=3000;n_init=1,full_data,0.11135859142276987,10236.594514788238,2.235461201399018,8,True,GMM/EM alternative family; AIC/BIC and membership diagnostics are stored in the GMM-specific result tables.
2026-06-05T17:28:56,R1_Euclid_robust_noADR_gmm_K5_covtied_run5_seed3505,R1-Euclid-robust-noADR,robust,gmm,5,5,3505,,K_grid=2..8;covariance_type=tied;M=5;max_iter=300;tol=1e-3;reg_covar=1e-6;base_seed=3000;n_init=1,full_data,0.1233140214599069,8988.947059370867,2.3181758755649335,15,True,GMM/EM alternative family; AIC/BIC and membership diagnostics are stored in the GMM-specific result tables.
2026-06-05T17:28:56,R1_Euclid_robust_noADR_gmm_K6_covtied_run1_seed3601,R1-Euclid-robust-noADR,robust,gmm,6,1,3601,,K_grid=2..8;covariance_type=tied;M=5;max_iter=300;tol=1e-3;reg_covar=1e-6;base_seed=3000;n_init=1,full_data,0.10745361495910707,9169.427134238875,2.3464637245006403,24,True,GMM/EM alternative family; AIC/BIC and membership diagnostics are stored in the GMM-specific result tables.
2026-06-05T17:28:56,R1_Euclid_robust_noADR_gmm_K6_covtied_run2_seed3602,R1-Euclid-robust-noADR,robust,gmm,6,2,3602,,K_grid=2..8;covariance_type=tied;M=5;max_iter=300;tol=1e-3;reg_covar=1e-6;base_seed=3000;n_init=1,full_data,0.13466283663445744,8362.955118143944,2.1371677855643996,6,True,GMM/EM alternative family; AIC/BIC and membership diagnostics are stored in the GMM-specific result tables.
2026-06-05T17:28:56,R1_Euclid_robust_noADR_gmm_K6_covtied_run3_seed3603,R1-Euclid-robust-noADR,robust,gmm,6,3,3603,,K_grid=2..8;covariance_type=tied;M=5;max_iter=300;tol=1e-3;reg_covar=1e-6;base_seed=3000;n_init=1,full_data,0.14406611396977564,8488.751844697934,2.207481602156573,13,True,GMM/EM alternative family; AIC/BIC and membership diagnostics are stored in the GMM-specific result tables.
2026-06-05T17:28:56,R1_Euclid_robust_noADR_gmm_K6_covtied_run4_seed3604,R1-Euclid-robust-noADR,robust,gmm,6,4,3604,,K_grid=2..8;covariance_type=tied;M=5;max_iter=300;tol=1e-3;reg_covar=1e-6;base_seed=3000;n_init=1,full_data,0.15674455328511483,9533.645471426269,2.140077276556238,12,True,GMM/EM alternative family; AIC/BIC and membership diagnostics are stored in the GMM-specific result tables.
2026-06-05T17:28:56,R1_Euclid_robust_noADR_gmm_K6_covtied_run5_seed3605,R1-Euclid-robust-noADR,robust,gmm,6,5,3605,,K_grid=2..8;covariance_type=tied;M=5;max_iter=300;tol=1e-3;reg_covar=1e-6;base_seed=3000;n_init=1,full_data,0.1234547824564074,7501.7838666230045,2.2493542851310733,26,True,GMM/EM alternative family; AIC/BIC and membership diagnostics are stored in the GMM-specific result tables.
2026-06-05T17:28:56,R1_Euclid_robust_noADR_gmm_K7_covtied_run1_seed3701,R1-Euclid-robust-noADR,robust,gmm,7,1,3701,,K_grid=2..8;covariance_type=tied;M=5;max_iter=300;tol=1e-3;reg_covar=1e-6;base_seed=3000;n_init=1,full_data,0.1483912832295936,9283.899238204469,2.1002400500438734,13,True,GMM/EM alternative family; AIC/BIC and membership diagnostics are stored in the GMM-specific result tables.
2026-06-05T17:28:56,R1_Euclid_robust_noADR_gmm_K7_covtied_run2_seed3702,R1-Euclid-robust-noADR,robust,gmm,7,2,3702,,K_grid=2..8;covariance_type=tied;M=5;max_iter=300;tol=1e-3;reg_covar=1e-6;base_seed=3000;n_init=1,full_data,0.14688765852524302,8322.286880750351,2.067571709273692,8,True,GMM/EM alternative family; AIC/BIC and membership diagnostics are stored in the GMM-specific result tables.
2026-06-05T17:28:56,R1_Euclid_robust_noADR_gmm_K7_covtied_run3_seed3703,R1-Euclid-robust-noADR,robust,gmm,7,3,3703,,K_grid=2..8;covariance_type=tied;M=5;max_iter=300;tol=1e-3;reg_covar=1e-6;base_seed=3000;n_init=1,full_data,0.1472611572404279,8320.55352838508,2.2222640429347926,17,True,GMM/EM alternative family; AIC/BIC and membership diagnostics are stored in the GMM-specific result tables.
2026-06-05T17:28:56,R1_Euclid_robust_noADR_gmm_K7_covtied_run4_seed3704,R1-Euclid-robust-noADR,robust,gmm,7,4,3704,,K_grid=2..8;covariance_type=tied;M=5;max_iter=300;tol=1e-3;reg_covar=1e-6;base_seed=3000;n_init=1,full_data,0.15367123165061775,7711.459843926521,2.6403550172541537,17,True,GMM/EM alternative family; AIC/BIC and membership diagnostics are stored in the GMM-specific result tables.
2026-06-05T17:28:56,R1_Euclid_robust_noADR_gmm_K7_covtied_run5_seed3705,R1-Euclid-robust-noADR,robust,gmm,7,5,3705,,K_grid=2..8;covariance_type=tied;M=5;max_iter=300;tol=1e-3;reg_covar=1e-6;base_seed=3000;n_init=1,full_data,0.11259724695723651,7945.090585454471,2.2463303266524393,10,True,GMM/EM alternative family; AIC/BIC and membership diagnostics are stored in the GMM-specific result tables.
2026-06-05T17:28:56,R1_Euclid_robust_noADR_gmm_K8_covtied_run1_seed3801,R1-Euclid-robust-noADR,robust,gmm,8,1,3801,,K_grid=2..8;covariance_type=tied;M=5;max_iter=300;tol=1e-3;reg_covar=1e-6;base_seed=3000;n_init=1,full_data,0.145571627423649,8725.257062371486,2.0847868755299377,8,True,GMM/EM alternative family; AIC/BIC and membership diagnostics are stored in the GMM-specific result tables.
2026-06-05T17:28:56,R1_Euclid_robust_noADR_gmm_K8_covtied_run2_seed3802,R1-Euclid-robust-noADR,robust,gmm,8,2,3802,,K_grid=2..8;covariance_type=tied;M=5;max_iter=300;tol=1e-3;reg_covar=1e-6;base_seed=3000;n_init=1,full_data,0.14145437908421507,8378.423441873585,2.1223448321246874,11,True,GMM/EM alternative family; AIC/BIC and membership diagnostics are stored in the GMM-specific result tables.
2026-06-05T17:28:56,R1_Euclid_robust_noADR_gmm_K8_covtied_run3_seed3803,R1-Euclid-robust-noADR,robust,gmm,8,3,3803,,K_grid=2..8;covariance_type=tied;M=5;max_iter=300;tol=1e-3;reg_covar=1e-6;base_seed=3000;n_init=1,full_data,0.12433058588884716,7873.960780051089,2.1185882079694407,9,True,GMM/EM alternative family; AIC/BIC and membership diagnostics are stored in the GMM-specific result tables.
2026-06-05T17:28:56,R1_Euclid_robust_noADR_gmm_K8_covtied_run4_seed3804,R1-Euclid-robust-noADR,robust,gmm,8,4,3804,,K_grid=2..8;covariance_type=tied;M=5;max_iter=300;tol=1e-3;reg_covar=1e-6;base_seed=3000;n_init=1,full_data,0.14374439457527652,7303.145129430749,2.3018610688153167,17,True,GMM/EM alternative family; AIC/BIC and membership diagnostics are stored in the GMM-specific result tables.
2026-06-05T17:28:56,R1_Euclid_robust_noADR_gmm_K8_covtied_run5_seed3805,R1-Euclid-robust-noADR,robust,gmm,8,5,3805,,K_grid=2..8;covariance_type=tied;M=5;max_iter=300;tol=1e-3;reg_covar=1e-6;base_seed=3000;n_init=1,full_data,0.12439868048701608,7873.867990824107,2.119028825790811,10,True,GMM/EM alternative family; AIC/BIC and membership diagnostics are stored in the GMM-specific result tables.
